{"stats":{"minecraft:killed_by":{"zombie_extreme:infectedperson":2,"zombie_extreme:rat_king":2,"zombie_extreme:fast_zombie_v_2":1},"minecraft:picked_up":{"minecraft:dirt":1},"minecraft:mined":{"minecraft:grass":2,"minecraft:grass_block":1},"minecraft:custom":{"minecraft:jump":20,"minecraft:time_since_rest":0,"minecraft:damage_dealt":46,"minecraft:play_one_minute":6758,"minecraft:leave_game":1,"minecraft:deaths":5,"minecraft:damage_taken":1413,"minecraft:time_since_death":0,"minecraft:walk_one_cm":17641,"minecraft:fall_one_cm":1082,"minecraft:fly_one_cm":2447}},"DataVersion":2586}