{"stats":{"minecraft:killed_by":{"minecraft:zombie":4},"minecraft:dropped":{"minecraft:wheat_seeds":3,"minecraft:rotten_flesh":10,"minecraft:carrot":1,"minecraft:poppy":1},"minecraft:custom":{"minecraft:interact_with_furnace":20,"minecraft:mob_kills":26,"minecraft:interact_with_crafting_table":27,"minecraft:play_one_minute":118206,"minecraft:bell_ring":5,"minecraft:leave_game":5,"minecraft:time_since_death":64321,"minecraft:sleep_in_bed":2,"minecraft:climb_one_cm":12998,"minecraft:time_since_rest":64358,"minecraft:sprint_one_cm":24405,"minecraft:damage_taken":580,"minecraft:walk_one_cm":230856,"minecraft:damage_blocked_by_shield":125,"minecraft:drop":5,"minecraft:damage_dealt":5661,"minecraft:fly_one_cm":12269,"minecraft:open_chest":16,"minecraft:crouch_one_cm":1107,"minecraft:deaths":4,"minecraft:sneak_time":710,"minecraft:jump":493,"minecraft:fall_one_cm":7869},"minecraft:broken":{"minecraft:stone_pickaxe":2},"minecraft:picked_up":{"minecraft:charcoal":3,"minecraft:crafting_table":4,"byg:soapstone":2,"minecraft:andesite":69,"minecraft:leather":2,"minecraft:brown_mushroom":1,"minecraft:potato":1,"byg:peat":2,"minecraft:oak_log":12,"minecraft:dirt":25,"byg:scoria_cobblestone":1,"byg:pine_log":29,"minecraft:wheat_seeds":10,"minecraft:beef":6,"minecraft:iron_ingot":16,"minecraft:iron_ore":41,"minecraft:poppy":3,"minecraft:chest":1,"minecraft:furnace":2,"zombie_extreme:copper_ore":9,"zombie_extreme:oreradium":7,"minecraft:torch":2,"minecraft:gravel":2,"minecraft:diorite":33,"minecraft:carrot":6,"minecraft:gold_ore":1,"minecraft:light_gray_terracotta":1,"minecraft:rotten_flesh":39,"minecraft:granite":8,"minecraft:hay_block":11,"byg:fir_log":20,"byg:rocky_stone":1,"minecraft:iron_bars":2,"minecraft:coal":27,"minecraft:cobblestone":359},"minecraft:mined":{"minecraft:brown_mushroom":1,"zombie_extreme:copper_ore":9,"minecraft:crafting_table":4,"minecraft:light_gray_terracotta":1,"minecraft:granite":8,"minecraft:chest":1,"minecraft:glass":11,"minecraft:cobblestone":23,"byg:pine_leaves":12,"minecraft:diorite":33,"minecraft:wall_torch":1,"minecraft:spawner":4,"minecraft:light_blue_stained_glass":2,"minecraft:large_fern":2,"minecraft:hay_block":11,"byg:soapstone":2,"byg:scoria_stone":1,"minecraft:furnace":2,"minecraft:carrots":3,"zombie_extreme:oreradium":7,"minecraft:iron_ore":36,"minecraft:wheat":3,"minecraft:sweet_berry_bush":1,"byg:short_grass":2,"minecraft:andesite":69,"minecraft:grass_path":4,"byg:pine_log":30,"minecraft:grass":17,"minecraft:oak_log":12,"minecraft:potatoes":1,"minecraft:coal_ore":27,"minecraft:iron_bars":2,"minecraft:gravel":2,"minecraft:dirt":21,"byg:aspen_leaves":5,"byg:peat":3,"byg:fir_leaves":2,"byg:rocky_stone":1,"byg:fir_log":21,"minecraft:stone":342,"minecraft:gold_ore":1,"minecraft:fern":2},"minecraft:crafted":{"minecraft:wooden_sword":2,"minecraft:oak_planks":48,"minecraft:crafting_table":6,"zombie_extreme:radium":4,"minecraft:wooden_pickaxe":2,"minecraft:iron_helmet":1,"minecraft:iron_sword":2,"minecraft:furnace":2,"byg:pine_planks":64,"minecraft:stone_axe":2,"minecraft:bread":33,"minecraft:air":0,"minecraft:iron_boots":1,"minecraft:iron_chestplate":1,"minecraft:charcoal":13,"minecraft:shield":2,"minecraft:iron_axe":1,"minecraft:stick":36,"minecraft:iron_pickaxe":1,"minecraft:iron_ingot":32,"minecraft:stone_pickaxe":5,"minecraft:gold_ingot":1,"minecraft:stone_sword":1,"minecraft:chest":1,"minecraft:iron_leggings":1,"byg:fir_planks":80,"minecraft:torch":24,"minecraft:wheat":99},"minecraft:used":{"minecraft:wheat_seeds":2,"minecraft:stone_sword":8,"minecraft:stone_pickaxe":351,"minecraft:oak_planks":4,"minecraft:wooden_pickaxe":29,"minecraft:chest":2,"minecraft:shield":7,"byg:pine_planks":14,"minecraft:iron_sword":76,"minecraft:torch":8,"minecraft:crafting_table":9,"minecraft:carrot":3,"minecraft:light_gray_terracotta":1,"minecraft:iron_axe":27,"minecraft:iron_pickaxe":198,"minecraft:stone_axe":19,"minecraft:wooden_sword":29,"minecraft:cobblestone":61,"minecraft:furnace":4,"byg:scoria_cobblestone":1,"minecraft:andesite":3},"minecraft:killed":{"minecraft:iron_golem":2,"minecraft:zombie":22,"minecraft:cow":2}},"DataVersion":2586}