{"stats":{"minecraft:picked_up":{"minecraft:crafting_table":1,"minecraft:leather":2,"minecraft:brown_mushroom":1,"minecraft:torch":2,"minecraft:potato":1,"minecraft:oak_log":11,"minecraft:carrot":6,"minecraft:rotten_flesh":26,"byg:pine_log":9,"minecraft:wheat_seeds":9,"minecraft:hay_block":11,"minecraft:beef":6,"minecraft:iron_ingot":5,"byg:fir_log":12,"minecraft:poppy":2,"minecraft:cobblestone":16},"minecraft:mined":{"minecraft:light_blue_stained_glass":2,"minecraft:large_fern":2,"minecraft:hay_block":11,"minecraft:brown_mushroom":1,"minecraft:carrots":3,"minecraft:wheat":3,"minecraft:sweet_berry_bush":1,"byg:short_grass":1,"minecraft:crafting_table":1,"byg:pine_log":10,"minecraft:grass":15,"minecraft:potatoes":1,"minecraft:oak_log":11,"byg:aspen_leaves":5,"byg:fir_leaves":2,"minecraft:cobblestone":19,"byg:pine_leaves":12,"byg:fir_log":12,"minecraft:wall_torch":1,"minecraft:fern":1},"minecraft:used":{"minecraft:wheat_seeds":2,"minecraft:stone_sword":8,"minecraft:oak_planks":4,"minecraft:wooden_pickaxe":24,"minecraft:chest":1,"byg:pine_planks":10,"minecraft:stone_axe":19,"minecraft:wooden_sword":29,"minecraft:crafting_table":5,"minecraft:carrot":3},"minecraft:killed_by":{"minecraft:zombie":2},"minecraft:killed":{"minecraft:zombie":9,"minecraft:iron_golem":1,"minecraft:cow":2},"minecraft:custom":{"minecraft:time_since_rest":3511,"minecraft:sprint_one_cm":8789,"minecraft:damage_taken":330,"minecraft:walk_one_cm":98961,"minecraft:mob_kills":12,"minecraft:drop":5,"minecraft:damage_dealt":2470,"minecraft:interact_with_crafting_table":12,"minecraft:fly_one_cm":377,"minecraft:open_chest":4,"minecraft:play_one_minute":37430,"minecraft:deaths":2,"minecraft:sneak_time":23,"minecraft:jump":206,"minecraft:leave_game":4,"minecraft:time_since_death":8803,"minecraft:sleep_in_bed":1,"minecraft:climb_one_cm":780,"minecraft:fall_one_cm":5123},"minecraft:crafted":{"minecraft:wooden_sword":2,"minecraft:oak_planks":44,"minecraft:shield":1,"minecraft:crafting_table":4,"minecraft:stick":20,"minecraft:wooden_pickaxe":2,"minecraft:stone_pickaxe":2,"minecraft:stone_sword":1,"minecraft:chest":1,"minecraft:iron_sword":1,"byg:fir_planks":48,"byg:pine_planks":36,"minecraft:stone_axe":2,"minecraft:bread":33,"minecraft:wheat":99},"minecraft:dropped":{"minecraft:poppy":1,"minecraft:wheat_seeds":3,"minecraft:rotten_flesh":10,"minecraft:carrot":1}},"DataVersion":2586}