{"stats":{"minecraft:killed_by":{"minecraft:zombie":4},"minecraft:dropped":{"minecraft:wheat_seeds":3,"minecraft:rotten_flesh":10,"minecraft:carrot":1,"minecraft:poppy":1},"minecraft:custom":{"minecraft:interact_with_furnace":6,"minecraft:mob_kills":26,"minecraft:interact_with_crafting_table":19,"minecraft:play_one_minute":67733,"minecraft:bell_ring":5,"minecraft:leave_game":5,"minecraft:time_since_death":13848,"minecraft:sleep_in_bed":2,"minecraft:climb_one_cm":12998,"minecraft:time_since_rest":13885,"minecraft:sprint_one_cm":23581,"minecraft:damage_taken":580,"minecraft:walk_one_cm":171740,"minecraft:damage_blocked_by_shield":125,"minecraft:drop":5,"minecraft:damage_dealt":5661,"minecraft:fly_one_cm":11827,"minecraft:open_chest":11,"minecraft:crouch_one_cm":1,"minecraft:deaths":4,"minecraft:sneak_time":35,"minecraft:jump":374,"minecraft:fall_one_cm":7124},"minecraft:broken":{"minecraft:stone_pickaxe":1},"minecraft:picked_up":{"minecraft:crafting_table":1,"byg:soapstone":2,"minecraft:andesite":44,"minecraft:leather":2,"minecraft:brown_mushroom":1,"minecraft:potato":1,"byg:peat":2,"minecraft:oak_log":12,"minecraft:dirt":25,"byg:scoria_cobblestone":1,"byg:pine_log":29,"minecraft:wheat_seeds":10,"minecraft:beef":6,"minecraft:iron_ingot":10,"minecraft:iron_ore":13,"minecraft:poppy":2,"minecraft:torch":2,"minecraft:gravel":2,"minecraft:diorite":7,"minecraft:carrot":6,"minecraft:light_gray_terracotta":1,"minecraft:rotten_flesh":29,"minecraft:hay_block":11,"byg:fir_log":12,"byg:rocky_stone":1,"minecraft:iron_bars":2,"minecraft:coal":9,"minecraft:cobblestone":157},"minecraft:mined":{"minecraft:brown_mushroom":1,"minecraft:crafting_table":1,"minecraft:light_gray_terracotta":1,"minecraft:glass":11,"minecraft:cobblestone":22,"byg:pine_leaves":12,"minecraft:diorite":7,"minecraft:wall_torch":1,"minecraft:spawner":4,"minecraft:light_blue_stained_glass":2,"minecraft:large_fern":2,"minecraft:hay_block":11,"byg:soapstone":2,"byg:scoria_stone":1,"minecraft:carrots":3,"minecraft:iron_ore":13,"minecraft:wheat":3,"minecraft:sweet_berry_bush":1,"byg:short_grass":2,"minecraft:andesite":44,"minecraft:grass_path":4,"byg:pine_log":30,"minecraft:grass":16,"minecraft:oak_log":12,"minecraft:potatoes":1,"minecraft:coal_ore":9,"minecraft:iron_bars":2,"minecraft:gravel":2,"minecraft:dirt":21,"byg:aspen_leaves":5,"byg:peat":3,"byg:fir_leaves":2,"byg:rocky_stone":1,"byg:fir_log":12,"minecraft:stone":141,"minecraft:fern":2},"minecraft:crafted":{"minecraft:wooden_sword":2,"minecraft:oak_planks":48,"minecraft:crafting_table":5,"minecraft:wooden_pickaxe":2,"minecraft:iron_sword":2,"minecraft:furnace":1,"byg:pine_planks":64,"minecraft:stone_axe":2,"minecraft:bread":33,"minecraft:air":0,"minecraft:charcoal":13,"minecraft:shield":1,"minecraft:iron_axe":1,"minecraft:stick":36,"minecraft:stone_pickaxe":5,"minecraft:stone_sword":1,"minecraft:chest":1,"byg:fir_planks":48,"minecraft:torch":12,"minecraft:wheat":99},"minecraft:used":{"minecraft:wheat_seeds":2,"minecraft:stone_sword":8,"minecraft:stone_pickaxe":227,"minecraft:oak_planks":4,"minecraft:wooden_pickaxe":29,"minecraft:chest":1,"minecraft:shield":7,"byg:pine_planks":14,"minecraft:iron_sword":76,"minecraft:crafting_table":6,"minecraft:carrot":3,"minecraft:light_gray_terracotta":1,"minecraft:iron_axe":13,"minecraft:stone_axe":19,"minecraft:wooden_sword":29,"minecraft:furnace":1,"minecraft:andesite":3},"minecraft:killed":{"minecraft:iron_golem":2,"minecraft:zombie":22,"minecraft:cow":2}},"DataVersion":2586}