{"stats":{"minecraft:custom":{"minecraft:mob_kills":39,"minecraft:interact_with_crafting_table":44,"minecraft:bell_ring":5,"minecraft:leave_game":9,"minecraft:time_since_death":5439,"minecraft:climb_one_cm":37532,"minecraft:sprint_one_cm":178215,"minecraft:walk_one_cm":736353,"minecraft:damage_blocked_by_shield":125,"minecraft:drop":6,"minecraft:deaths":12,"minecraft:sneak_time":4292,"minecraft:jump":1567,"minecraft:interact_with_furnace":87,"minecraft:play_one_minute":307292,"minecraft:sleep_in_bed":3,"minecraft:time_since_rest":5471,"minecraft:damage_taken":2230,"minecraft:damage_dealt":7843,"minecraft:fly_one_cm":92340,"minecraft:player_kills":3,"minecraft:open_chest":60,"minecraft:crouch_one_cm":7042,"minecraft:fall_one_cm":34547},"minecraft:killed":{"zombie_extreme:infectedperson":1,"minecraft:husk":1,"minecraft:iron_golem":2,"minecraft:zombie":36,"minecraft:cow":2},"minecraft:killed_by":{"minecraft:player":4,"minecraft:zombie":4},"minecraft:crafted":{"zombie_extreme:copper_pickaxe":1,"minecraft:wooden_sword":2,"minecraft:oak_planks":48,"zombie_extreme:radium":4,"minecraft:furnace":4,"minecraft:stone":343,"byg:pine_planks":64,"minecraft:cooked_mutton":23,"byg:willow_planks":248,"minecraft:iron_boots":1,"minecraft:iron_axe":1,"minecraft:ladder":27,"minecraft:stone_pickaxe":8,"minecraft:chest":3,"byg:fir_planks":80,"minecraft:stone_bricks":156,"minecraft:wheat":99,"minecraft:crafting_table":7,"minecraft:wooden_pickaxe":2,"minecraft:iron_helmet":1,"minecraft:iron_sword":2,"minecraft:stone_axe":2,"zombie_extreme:copper_ignot":5,"minecraft:bread":33,"minecraft:air":0,"minecraft:iron_chestplate":1,"minecraft:charcoal":13,"minecraft:shield":2,"minecraft:stick":124,"minecraft:iron_pickaxe":4,"minecraft:iron_ingot":34,"minecraft:stone_sword":1,"minecraft:iron_leggings":1,"minecraft:iron_shovel":1,"minecraft:gold_ingot":1,"minecraft:torch":32},"minecraft:used":{"minecraft:stone_sword":8,"minecraft:iron_shovel":34,"minecraft:ladder":25,"minecraft:chest":5,"minecraft:shield":7,"minecraft:stone":125,"byg:pine_planks":14,"minecraft:iron_sword":117,"minecraft:rotten_flesh":3,"minecraft:torch":46,"minecraft:dirt":99,"minecraft:carrot":3,"byg:willow_planks":54,"minecraft:iron_axe":137,"minecraft:stone_bricks":129,"minecraft:furnace":6,"minecraft:potato":5,"zombie_extreme:antiradon_enhanced_action":1,"minecraft:wheat_seeds":2,"minecraft:cooked_mutton":5,"minecraft:cobblestone_stairs":1,"minecraft:stone_pickaxe":715,"minecraft:oak_planks":4,"minecraft:wooden_pickaxe":29,"minecraft:crafting_table":11,"minecraft:light_gray_terracotta":1,"minecraft:iron_pickaxe":981,"minecraft:stone_axe":19,"zombie_extreme:copper_pickaxe":185,"minecraft:wooden_sword":29,"minecraft:cobblestone":173,"byg:scoria_cobblestone":1,"minecraft:andesite":3},"minecraft:broken":{"minecraft:stone_pickaxe":5,"zombie_extreme:copper_pickaxe":1,"minecraft:iron_pickaxe":3},"minecraft:mined":{"zombie_extreme:copper_ore":15,"byg:willow_leaves":26,"minecraft:granite":8,"minecraft:grass_block":33,"byg:willow_log":79,"minecraft:spawner":4,"minecraft:light_blue_stained_glass":2,"minecraft:large_fern":2,"minecraft:hay_block":11,"minecraft:furnace":2,"minecraft:carrots":3,"zombie_extreme:oreradium":7,"minecraft:iron_ore":38,"minecraft:snow":2,"minecraft:andesite":69,"minecraft:potatoes":1,"minecraft:iron_bars":2,"byg:fir_leaves":2,"byg:rocky_stone":1,"minecraft:stone":1529,"minecraft:brown_mushroom":1,"minecraft:dandelion":1,"minecraft:crafting_table":5,"minecraft:torch":2,"minecraft:light_gray_terracotta":1,"zombie_extreme:alternatesand":1,"minecraft:chest":2,"minecraft:glass":11,"minecraft:cobblestone":64,"byg:pine_leaves":12,"minecraft:diorite":33,"minecraft:wall_torch":8,"byg:soapstone":2,"byg:scoria_stone":1,"minecraft:wheat":3,"minecraft:sweet_berry_bush":1,"byg:short_grass":2,"byg:pine_log":30,"minecraft:grass_path":4,"minecraft:oak_log":12,"minecraft:grass":18,"minecraft:coal_ore":78,"minecraft:gravel":29,"minecraft:dirt":155,"byg:aspen_leaves":5,"byg:peat":3,"byg:fir_log":21,"minecraft:stone_bricks":31,"minecraft:gold_ore":1,"minecraft:fern":2},"minecraft:picked_up":{"minecraft:charcoal":3,"minecraft:crafting_table":5,"byg:soapstone":2,"zombie_extreme:alternatesand":1,"minecraft:brown_mushroom":1,"byg:peat":2,"minecraft:shield":1,"minecraft:iron_leggings":1,"byg:pine_log":29,"minecraft:beef":6,"minecraft:poppy":3,"minecraft:chest":2,"minecraft:furnace":2,"zombie_extreme:copper_ore":14,"minecraft:stick":3,"minecraft:torch":16,"sophisticatedbackpacks:backpack":1,"minecraft:diorite":33,"minecraft:carrot":6,"minecraft:rotten_flesh":83,"minecraft:hay_block":11,"byg:fir_log":20,"minecraft:iron_bars":2,"minecraft:snowball":2,"byg:rocky_stone":1,"minecraft:cobblestone":1562,"minecraft:andesite":69,"minecraft:leather":2,"minecraft:potato":1,"minecraft:flint":2,"minecraft:oak_log":12,"minecraft:cobblestone_stairs":1,"minecraft:dirt":171,"byg:scoria_cobblestone":1,"minecraft:stone_bricks":32,"minecraft:wheat_seeds":11,"minecraft:iron_ingot":16,"minecraft:iron_ore":43,"byg:willow_log":62,"zombie_extreme:oreradium":7,"minecraft:dandelion":1,"minecraft:gravel":27,"zombie_extreme:antiradon_enhanced_action":1,"minecraft:gold_ore":1,"minecraft:light_gray_terracotta":1,"minecraft:granite":8,"minecraft:oak_sapling":1,"minecraft:coal":78},"minecraft:dropped":{"minecraft:wheat_seeds":3,"minecraft:rotten_flesh":27,"minecraft:carrot":1,"minecraft:poppy":1}},"DataVersion":2586}