{"stats":{"minecraft:killed_by":{"minecraft:zombie":4},"minecraft:dropped":{"minecraft:wheat_seeds":3,"minecraft:rotten_flesh":10,"minecraft:carrot":1,"minecraft:poppy":1},"minecraft:custom":{"minecraft:interact_with_furnace":10,"minecraft:mob_kills":26,"minecraft:interact_with_crafting_table":23,"minecraft:play_one_minute":82206,"minecraft:bell_ring":5,"minecraft:leave_game":5,"minecraft:time_since_death":28321,"minecraft:sleep_in_bed":2,"minecraft:climb_one_cm":12998,"minecraft:time_since_rest":28358,"minecraft:sprint_one_cm":24385,"minecraft:damage_taken":580,"minecraft:walk_one_cm":198710,"minecraft:damage_blocked_by_shield":125,"minecraft:drop":5,"minecraft:damage_dealt":5661,"minecraft:fly_one_cm":12217,"minecraft:open_chest":11,"minecraft:crouch_one_cm":311,"minecraft:deaths":4,"minecraft:sneak_time":144,"minecraft:jump":409,"minecraft:fall_one_cm":7391},"minecraft:broken":{"minecraft:stone_pickaxe":2},"minecraft:picked_up":{"minecraft:crafting_table":1,"byg:soapstone":2,"minecraft:andesite":60,"minecraft:leather":2,"minecraft:brown_mushroom":1,"minecraft:potato":1,"byg:peat":2,"minecraft:oak_log":12,"minecraft:dirt":25,"byg:scoria_cobblestone":1,"byg:pine_log":29,"minecraft:wheat_seeds":10,"minecraft:beef":6,"minecraft:iron_ingot":10,"minecraft:iron_ore":19,"minecraft:poppy":2,"zombie_extreme:copper_ore":9,"zombie_extreme:oreradium":4,"minecraft:torch":2,"minecraft:gravel":2,"minecraft:diorite":29,"minecraft:carrot":6,"minecraft:light_gray_terracotta":1,"minecraft:rotten_flesh":29,"minecraft:granite":8,"minecraft:hay_block":11,"byg:fir_log":12,"byg:rocky_stone":1,"minecraft:iron_bars":2,"minecraft:coal":27,"minecraft:cobblestone":338},"minecraft:mined":{"minecraft:brown_mushroom":1,"zombie_extreme:copper_ore":9,"minecraft:crafting_table":1,"minecraft:light_gray_terracotta":1,"minecraft:granite":8,"minecraft:glass":11,"minecraft:cobblestone":22,"byg:pine_leaves":12,"minecraft:diorite":29,"minecraft:wall_torch":1,"minecraft:spawner":4,"minecraft:light_blue_stained_glass":2,"minecraft:large_fern":2,"minecraft:hay_block":11,"byg:soapstone":2,"byg:scoria_stone":1,"minecraft:carrots":3,"zombie_extreme:oreradium":4,"minecraft:iron_ore":19,"minecraft:wheat":3,"minecraft:sweet_berry_bush":1,"byg:short_grass":2,"minecraft:andesite":60,"minecraft:grass_path":4,"byg:pine_log":30,"minecraft:grass":16,"minecraft:oak_log":12,"minecraft:potatoes":1,"minecraft:coal_ore":27,"minecraft:iron_bars":2,"minecraft:gravel":2,"minecraft:dirt":21,"byg:aspen_leaves":5,"byg:peat":3,"byg:fir_leaves":2,"byg:rocky_stone":1,"byg:fir_log":12,"minecraft:stone":321,"minecraft:fern":2},"minecraft:crafted":{"minecraft:wooden_sword":2,"minecraft:oak_planks":48,"minecraft:crafting_table":6,"minecraft:wooden_pickaxe":2,"minecraft:iron_sword":2,"minecraft:furnace":2,"byg:pine_planks":64,"minecraft:stone_axe":2,"minecraft:bread":33,"minecraft:air":0,"minecraft:iron_chestplate":1,"minecraft:charcoal":13,"minecraft:shield":1,"minecraft:iron_axe":1,"minecraft:stick":36,"minecraft:iron_pickaxe":1,"minecraft:iron_ingot":19,"minecraft:stone_pickaxe":5,"minecraft:stone_sword":1,"minecraft:chest":1,"minecraft:iron_leggings":1,"byg:fir_planks":48,"minecraft:torch":12,"minecraft:wheat":99},"minecraft:used":{"minecraft:wheat_seeds":2,"minecraft:stone_sword":8,"minecraft:stone_pickaxe":350,"minecraft:oak_planks":4,"minecraft:wooden_pickaxe":29,"minecraft:chest":1,"minecraft:shield":7,"byg:pine_planks":14,"minecraft:iron_sword":76,"minecraft:torch":6,"minecraft:crafting_table":7,"minecraft:carrot":3,"minecraft:light_gray_terracotta":1,"minecraft:iron_axe":13,"minecraft:iron_pickaxe":141,"minecraft:stone_axe":19,"minecraft:wooden_sword":29,"minecraft:cobblestone":15,"minecraft:furnace":2,"byg:scoria_cobblestone":1,"minecraft:andesite":3},"minecraft:killed":{"minecraft:iron_golem":2,"minecraft:zombie":22,"minecraft:cow":2}},"DataVersion":2586}