{"stats":{"minecraft:killed_by":{"minecraft:player":1,"minecraft:zombie":4},"minecraft:dropped":{"minecraft:wheat_seeds":3,"minecraft:rotten_flesh":10,"minecraft:carrot":1,"minecraft:poppy":1},"minecraft:custom":{"minecraft:interact_with_furnace":23,"minecraft:mob_kills":31,"minecraft:interact_with_crafting_table":29,"minecraft:play_one_minute":182213,"minecraft:bell_ring":5,"minecraft:leave_game":6,"minecraft:time_since_death":23778,"minecraft:sleep_in_bed":3,"minecraft:climb_one_cm":12998,"minecraft:time_since_rest":23814,"minecraft:sprint_one_cm":75788,"minecraft:damage_taken":856,"minecraft:walk_one_cm":381046,"minecraft:damage_blocked_by_shield":125,"minecraft:drop":5,"minecraft:damage_dealt":6569,"minecraft:fly_one_cm":38808,"minecraft:open_chest":28,"minecraft:crouch_one_cm":2082,"minecraft:deaths":5,"minecraft:sneak_time":1602,"minecraft:jump":920,"minecraft:fall_one_cm":15309},"minecraft:broken":{"minecraft:stone_pickaxe":3,"minecraft:iron_pickaxe":2},"minecraft:picked_up":{"minecraft:charcoal":3,"minecraft:crafting_table":5,"byg:soapstone":2,"minecraft:andesite":69,"minecraft:leather":2,"minecraft:brown_mushroom":1,"minecraft:potato":1,"byg:peat":2,"minecraft:oak_log":12,"minecraft:dirt":52,"byg:scoria_cobblestone":1,"minecraft:stone_bricks":1,"byg:pine_log":29,"minecraft:wheat_seeds":10,"minecraft:iron_ingot":16,"minecraft:beef":6,"minecraft:iron_ore":43,"minecraft:poppy":3,"minecraft:chest":1,"byg:willow_log":28,"zombie_extreme:copper_ore":9,"minecraft:furnace":2,"zombie_extreme:oreradium":7,"minecraft:torch":3,"minecraft:gravel":2,"minecraft:diorite":33,"minecraft:carrot":6,"minecraft:gold_ore":1,"minecraft:light_gray_terracotta":1,"minecraft:rotten_flesh":44,"minecraft:hay_block":11,"minecraft:granite":8,"byg:fir_log":20,"minecraft:oak_sapling":1,"byg:rocky_stone":1,"minecraft:iron_bars":2,"minecraft:coal":27,"minecraft:cobblestone":692},"minecraft:mined":{"minecraft:brown_mushroom":1,"zombie_extreme:copper_ore":9,"byg:willow_leaves":10,"minecraft:crafting_table":5,"minecraft:light_gray_terracotta":1,"minecraft:granite":8,"minecraft:grass_block":5,"minecraft:chest":1,"byg:willow_log":39,"minecraft:glass":11,"minecraft:cobblestone":51,"byg:pine_leaves":12,"minecraft:diorite":33,"minecraft:wall_torch":2,"minecraft:spawner":4,"minecraft:light_blue_stained_glass":2,"minecraft:large_fern":2,"minecraft:hay_block":11,"byg:soapstone":2,"byg:scoria_stone":1,"minecraft:furnace":2,"minecraft:carrots":3,"zombie_extreme:oreradium":7,"minecraft:iron_ore":38,"minecraft:wheat":3,"minecraft:sweet_berry_bush":1,"byg:short_grass":2,"minecraft:andesite":69,"byg:pine_log":30,"minecraft:grass_path":4,"minecraft:grass":17,"minecraft:potatoes":1,"minecraft:oak_log":12,"minecraft:coal_ore":27,"minecraft:iron_bars":2,"minecraft:gravel":2,"minecraft:dirt":44,"byg:aspen_leaves":5,"byg:peat":3,"byg:fir_leaves":2,"byg:rocky_stone":1,"byg:fir_log":21,"minecraft:stone":656,"minecraft:gold_ore":1,"minecraft:fern":2},"minecraft:crafted":{"minecraft:wooden_sword":2,"minecraft:oak_planks":48,"minecraft:crafting_table":7,"zombie_extreme:radium":4,"minecraft:wooden_pickaxe":2,"minecraft:iron_helmet":1,"minecraft:iron_sword":2,"minecraft:furnace":2,"byg:pine_planks":64,"minecraft:stone_axe":2,"minecraft:air":0,"minecraft:bread":33,"byg:willow_planks":112,"minecraft:iron_boots":1,"minecraft:iron_chestplate":1,"minecraft:charcoal":13,"minecraft:shield":2,"minecraft:iron_axe":1,"minecraft:stick":40,"minecraft:iron_ingot":32,"minecraft:iron_pickaxe":2,"minecraft:stone_pickaxe":5,"minecraft:stone_sword":1,"minecraft:chest":3,"minecraft:gold_ingot":1,"minecraft:iron_leggings":1,"minecraft:torch":24,"byg:fir_planks":80,"minecraft:wheat":99},"minecraft:used":{"minecraft:wheat_seeds":2,"minecraft:stone_sword":8,"minecraft:stone_pickaxe":400,"minecraft:oak_planks":4,"minecraft:wooden_pickaxe":29,"minecraft:chest":2,"minecraft:shield":7,"byg:pine_planks":14,"minecraft:iron_sword":91,"minecraft:rotten_flesh":3,"minecraft:torch":15,"minecraft:dirt":21,"minecraft:crafting_table":10,"minecraft:carrot":3,"minecraft:light_gray_terracotta":1,"minecraft:iron_axe":81,"minecraft:iron_pickaxe":500,"minecraft:stone_axe":19,"minecraft:wooden_sword":29,"minecraft:cobblestone":155,"byg:scoria_cobblestone":1,"minecraft:furnace":4,"minecraft:andesite":3,"minecraft:potato":5},"minecraft:killed":{"minecraft:husk":1,"minecraft:iron_golem":2,"zombie_extreme:infectedperson":1,"minecraft:zombie":25,"minecraft:cow":2}},"DataVersion":2586}