{"stats":{"minecraft:picked_up":{"minecraft:cooked_mutton":64,"vehicle:vehicle_crate":1,"zombie_extreme:sandbags":1,"minecraft:spruce_trapdoor":1},"minecraft:used":{"securitycraft:reinforced_oak_planks":1,"zombie_extreme:deadbody":2,"zombie_extreme:sandbags":2,"minecraft:jungle_slab":3,"minecraft:light_gray_terracotta":1,"securitycraft:reinforced_stripped_oak_log":45,"zombie_extreme:coprse":1,"zombie_extreme:cardboard_box":10,"minecraft:dark_oak_slab":16,"minecraft:jungle_pressure_plate":1,"minecraft:spruce_trapdoor":17,"vehicle:vehicle_crate":1},"minecraft:dropped":{"minecraft:spruce_trapdoor":1,"zombie_extreme:sandbags":1},"minecraft:custom":{"minecraft:time_since_rest":120153,"minecraft:crouch_one_cm":171,"minecraft:play_one_minute":120153,"minecraft:sprint_one_cm":7218,"minecraft:damage_taken":10,"minecraft:walk_one_cm":27312,"minecraft:sneak_time":2954,"minecraft:walk_under_water_one_cm":1964,"minecraft:drop":2,"minecraft:jump":39,"minecraft:leave_game":1,"minecraft:time_since_death":120153,"minecraft:walk_on_water_one_cm":87,"minecraft:fly_one_cm":616994}},"DataVersion":2586}