{"stats":{"minecraft:used":{"zombie_extreme:rat_king_spawn_egg":3},"minecraft:killed":{"minecraft:sheep":3,"minecraft:pig":1,"zombie_extreme:explosive_zombie":1,"zombie_extreme:boomerzombie":1,"zombie_extreme:rat_king":3},"minecraft:picked_up":{"minecraft:rotten_flesh":12,"minecraft:diamond":2,"minecraft:iron_ingot":2,"minecraft:porkchop":1,"zombie_extreme:copper_ignot":1,"minecraft:mutton":4,"minecraft:white_wool":2},"minecraft:custom":{"minecraft:open_chest":1,"minecraft:time_since_rest":31778,"minecraft:play_one_minute":49398,"minecraft:crouch_one_cm":125,"minecraft:sprint_one_cm":88224,"minecraft:deaths":3,"minecraft:walk_one_cm":19459,"minecraft:sneak_time":98,"minecraft:mob_kills":9,"minecraft:jump":300,"minecraft:damage_dealt":10,"minecraft:leave_game":1,"minecraft:walk_on_water_one_cm":741,"minecraft:time_since_death":31741,"minecraft:fall_one_cm":627,"minecraft:fly_one_cm":168772}},"DataVersion":2586}