{"stats":{"minecraft:custom":{"minecraft:open_chest":1,"minecraft:time_since_rest":60132,"minecraft:crouch_one_cm":125,"minecraft:play_one_minute":77752,"minecraft:sprint_one_cm":191564,"minecraft:deaths":3,"minecraft:walk_one_cm":37933,"minecraft:sneak_time":108,"minecraft:walk_under_water_one_cm":101,"minecraft:mob_kills":17,"minecraft:damage_dealt_resisted":14,"minecraft:jump":508,"minecraft:damage_dealt":20,"minecraft:leave_game":2,"minecraft:walk_on_water_one_cm":2167,"minecraft:time_since_death":60095,"minecraft:swim_one_cm":876,"minecraft:fall_one_cm":627,"minecraft:fly_one_cm":221433,"minecraft:horse_one_cm":2571},"minecraft:picked_up":{"byg:pine_sapling":1,"minecraft:arrow":2,"minecraft:bone":2,"minecraft:rotten_flesh":15,"minecraft:diamond":2,"minecraft:iron_ingot":2,"minecraft:porkchop":1,"zombie_extreme:titanbar":1,"zombie_extreme:painkillers":1,"zombie_extreme:copper_ignot":1,"zombie_extreme:blackbar":1,"minecraft:mutton":4,"minecraft:white_wool":2},"minecraft:used":{"zombie_extreme:rat_king_spawn_egg":4,"minecraft:grass_block":5,"zombie_extreme:militarysoldier_spawn_egg":1},"minecraft:killed":{"minecraft:horse":1,"minecraft:skeleton":2,"minecraft:sheep":3,"minecraft:spider":1,"zombie_extreme:bombsuitzombie":1,"zombie_extreme:militarysoldier":1,"minecraft:pig":1,"zombie_extreme:explosive_zombie":1,"zombie_extreme:boomerzombie":1,"zombie_extreme:rat_king":4,"zombie_extreme:drawnedzombie":1}},"DataVersion":2586}