{"stats":{"minecraft:used":{"minecraft:cooked_mutton":3,"minecraft:glass_bottle":2,"minecraft:stone_pickaxe":8,"minecraft:wooden_pickaxe":3,"byg:pine_sapling":1,"minecraft:stone_axe":23,"minecraft:potion":2,"minecraft:crafting_table":2,"toughasnails:purified_water_bottle":1,"toughasnails:purified_water_canteen":2},"minecraft:killed":{"minecraft:sheep":1,"minecraft:squid":1,"minecraft:cow":2},"minecraft:dropped":{"byg:pine_sapling":1},"minecraft:mined":{"minecraft:spruce_log":2,"byg:short_grass":1,"minecraft:crafting_table":2,"minecraft:grass":4,"minecraft:grass_block":2,"minecraft:oak_log":18,"minecraft:stone":11},"minecraft:crafted":{"minecraft:oak_planks":28,"minecraft:crafting_table":1,"minecraft:stick":8,"minecraft:wooden_pickaxe":1,"minecraft:stone_pickaxe":1,"minecraft:stone_axe":1},"minecraft:picked_up":{"minecraft:crafting_table":2,"minecraft:leather":3,"minecraft:torch":1,"minecraft:spruce_sapling":1,"minecraft:oak_log":18,"minecraft:spruce_log":2,"minecraft:dirt":5,"byg:pine_sapling":3,"minecraft:wheat_seeds":2,"minecraft:beef":4,"minecraft:black_wool":1,"minecraft:mutton":1,"minecraft:acacia_sapling":1,"byg:blue_spruce_sapling":1,"minecraft:cobblestone":11},"minecraft:custom":{"minecraft:time_since_rest":75153,"minecraft:sprint_one_cm":418642,"minecraft:damage_taken":385,"minecraft:walk_one_cm":119764,"minecraft:mob_kills":4,"minecraft:drop":1,"minecraft:damage_dealt":385,"minecraft:swim_one_cm":9923,"minecraft:interact_with_crafting_table":4,"minecraft:fly_one_cm":770057,"minecraft:open_chest":2,"minecraft:crouch_one_cm":609,"minecraft:play_one_minute":249401,"minecraft:deaths":9,"minecraft:sneak_time":1704,"minecraft:walk_under_water_one_cm":6756,"minecraft:jump":1240,"minecraft:leave_game":14,"minecraft:walk_on_water_one_cm":13811,"minecraft:time_since_death":75123,"minecraft:climb_one_cm":4486,"minecraft:fall_one_cm":8385}},"DataVersion":2586}