{"stats":{"minecraft:used":{"minecraft:cooked_mutton":3,"minecraft:glass_bottle":2,"minecraft:stone_pickaxe":39,"minecraft:wooden_pickaxe":3,"byg:pine_sapling":1,"minecraft:stone_axe":25,"minecraft:dirt":3,"minecraft:potion":2,"minecraft:crafting_table":2,"toughasnails:purified_water_bottle":1,"toughasnails:purified_water_canteen":2},"minecraft:killed":{"minecraft:sheep":1,"minecraft:squid":1,"minecraft:cow":3},"minecraft:dropped":{"byg:pine_sapling":1},"minecraft:mined":{"minecraft:spruce_log":2,"byg:short_grass":1,"minecraft:brewing_stand":1,"minecraft:crafting_table":2,"minecraft:grass":4,"minecraft:grass_block":2,"minecraft:coal_ore":28,"minecraft:oak_log":18,"minecraft:stone":13},"minecraft:crafted":{"minecraft:oak_planks":28,"minecraft:crafting_table":1,"minecraft:stick":8,"minecraft:wooden_pickaxe":1,"minecraft:stone_pickaxe":1,"minecraft:torch":4,"minecraft:stone_axe":1},"minecraft:picked_up":{"minecraft:crafting_table":2,"minecraft:leather":3,"minecraft:torch":1,"minecraft:spruce_sapling":1,"minecraft:oak_log":18,"minecraft:brewing_stand":1,"minecraft:spruce_log":2,"minecraft:dirt":5,"byg:pine_sapling":3,"minecraft:wheat_seeds":2,"minecraft:beef":4,"minecraft:black_wool":1,"minecraft:coal":27,"minecraft:mutton":1,"minecraft:acacia_sapling":1,"byg:blue_spruce_sapling":1,"minecraft:cobblestone":13},"minecraft:custom":{"minecraft:time_since_rest":99153,"minecraft:sprint_one_cm":499658,"minecraft:damage_taken":435,"minecraft:walk_one_cm":145993,"minecraft:mob_kills":5,"minecraft:drop":1,"minecraft:damage_dealt":485,"minecraft:swim_one_cm":10055,"minecraft:interact_with_crafting_table":4,"minecraft:fly_one_cm":800237,"minecraft:open_chest":2,"minecraft:crouch_one_cm":628,"minecraft:play_one_minute":273401,"minecraft:deaths":9,"minecraft:sneak_time":1724,"minecraft:walk_under_water_one_cm":7106,"minecraft:jump":1385,"minecraft:leave_game":14,"minecraft:walk_on_water_one_cm":13994,"minecraft:time_since_death":99123,"minecraft:climb_one_cm":5378,"minecraft:fall_one_cm":9948}},"DataVersion":2586}