{"stats":{"minecraft:dropped":{"zombie_extreme:jam":1,"minecraft:wheat_seeds":6,"zombie_extreme:chips":1,"byg:pine_sapling":2,"minecraft:bowl":1,"byg:pine_log":14,"zombie_extreme:rubber_sheet":1,"minecraft:feather":5,"zombie_extreme:cloth":1,"byg:cypress_sapling":1,"minecraft:stick":3,"minecraft:dirt":3,"zombie_extreme:ruber":2,"minecraft:brown_wool":1,"byg:tiny_lilypads":2,"minecraft:wooden_shovel":1,"minecraft:iron_bars":4,"minecraft:arrow":2,"minecraft:white_wool":8},"minecraft:picked_up":{"minecraft:crafting_table":2,"minecraft:feather":5,"minecraft:chicken":2,"zombie_extreme:wrench":1,"minecraft:brown_wool":1,"minecraft:leather":11,"minecraft:oak_log":18,"byg:tiny_lilypads":7,"minecraft:lily_pad":6,"minecraft:brewing_stand":1,"zombie_extreme:crowbar":1,"zombie_extreme:ruber":2,"minecraft:dirt":10,"zombie_extreme:chips":1,"zombie_extreme:rubber_sheet":1,"byg:pine_log":21,"minecraft:wheat_seeds":8,"minecraft:beef":25,"minecraft:oak_boat":7,"minecraft:poppy":1,"zombie_extreme:cloth":1,"byg:cypress_sapling":1,"minecraft:sugar_cane":2,"minecraft:chest":6,"minecraft:acacia_sapling":1,"zombie_extreme:copper_ore":7,"minecraft:torch":7,"minecraft:bowl":1,"minecraft:porkchop":31,"zombie_extreme:jamglass":3,"minecraft:spruce_sapling":1,"minecraft:spruce_log":9,"zombie_extreme:cardboard_box":3,"byg:pine_sapling":8,"minecraft:arrow":2,"zombie_extreme:jam":2,"zombie_extreme:butcher_knife":1,"minecraft:black_wool":5,"minecraft:mutton":37,"minecraft:iron_bars":5,"minecraft:coal":71,"byg:blue_spruce_sapling":1,"minecraft:white_wool":16,"minecraft:cobblestone":17},"minecraft:custom":{"minecraft:mob_kills":53,"minecraft:interact_with_crafting_table":6,"minecraft:play_one_minute":356836,"minecraft:leave_game":18,"minecraft:time_since_death":182558,"minecraft:sleep_in_bed":2,"minecraft:climb_one_cm":8244,"minecraft:time_since_rest":22608,"minecraft:sprint_one_cm":979565,"minecraft:damage_taken":565,"minecraft:walk_one_cm":259105,"minecraft:drop":32,"minecraft:damage_dealt":4747,"minecraft:swim_one_cm":15611,"minecraft:fly_one_cm":1143935,"minecraft:open_chest":24,"minecraft:crouch_one_cm":916,"minecraft:deaths":9,"minecraft:sneak_time":2297,"minecraft:walk_under_water_one_cm":9499,"minecraft:boat_one_cm":131645,"minecraft:jump":2970,"minecraft:walk_on_water_one_cm":25716,"minecraft:fall_one_cm":32126},"minecraft:killed":{"minecraft:pig":17,"minecraft:squid":1,"minecraft:sheep":21,"minecraft:chicken":3,"minecraft:cow":11},"minecraft:mined":{"byg:water_silk":1,"zombie_extreme:cardboard_box":3,"zombie_extreme:copper_ore":7,"minecraft:brewing_stand":1,"minecraft:crafting_table":2,"minecraft:torch":2,"minecraft:grass_block":7,"minecraft:poppy":1,"minecraft:chest":6,"minecraft:wall_torch":3,"minecraft:spruce_log":9,"byg:short_grass":7,"minecraft:peony":1,"byg:pine_log":7,"minecraft:grass":24,"minecraft:oak_log":18,"minecraft:coal_ore":72,"minecraft:iron_bars":3,"minecraft:stone":17},"minecraft:crafted":{"minecraft:oak_planks":72,"minecraft:wooden_shovel":1,"minecraft:crafting_table":1,"minecraft:wooden_pickaxe":1,"minecraft:stone_axe":1,"minecraft:oak_boat":1,"minecraft:stick":12,"minecraft:stone_pickaxe":1,"minecraft:torch":4},"minecraft:used":{"minecraft:cooked_mutton":3,"minecraft:iron_bars":1,"minecraft:stone_pickaxe":98,"minecraft:glass_bottle":2,"minecraft:oak_planks":17,"minecraft:chest":4,"minecraft:wooden_pickaxe":3,"minecraft:iron_sword":89,"zombie_extreme:wrench":2,"toughasnails:water_canteen":22,"zombie_extreme:vodka":1,"minecraft:torch":7,"minecraft:dirt":7,"minecraft:crafting_table":3,"toughasnails:empty_canteen":1,"byg:pine_sapling":1,"minecraft:stone_axe":72,"minecraft:potion":2,"minecraft:cobblestone":11,"toughasnails:purified_water_bottle":1,"toughasnails:purified_water_canteen":2,"minecraft:oak_boat":7}},"DataVersion":2586}