{"stats":{"minecraft:killed_by":{"minecraft:player":10,"zombie_extreme:infectedperson":1,"zombie_extreme:infected_dog":1,"zombie_extreme:boomerzombie":1,"zombie_extreme:militarysoldier":1,"zombie_extreme:parasite":1,"minecraft:zombie":5,"zombie_extreme:fast_zombie_v_2":2},"minecraft:dropped":{"minecraft:iron_ingot":3,"zombie_extreme:jam":1,"minecraft:wheat_seeds":8,"minecraft:cooked_beef":11,"minecraft:diamond":2,"byg:pine_sapling":2,"byg:pine_log":14,"zombie_extreme:rubber_sheet":1,"minecraft:feather":5,"zombie_extreme:cloth":1,"minecraft:flint":2,"minecraft:stick":3,"minecraft:dirt":13,"zombie_extreme:bettary":1,"minecraft:diorite":3,"minecraft:brown_wool":1,"zombie_extreme:empty_can":1,"minecraft:iron_pickaxe":1,"zombie_extreme:balaclava_helmet":1,"minecraft:white_wool":8,"zombie_extreme:jamglass":2,"zombie_extreme:chips":1,"minecraft:bowl":1,"sophisticatedbackpacks:backpack":1,"byg:cypress_sapling":1,"minecraft:white_bed":3,"minecraft:diamond_pickaxe":1,"byg:rocky_stone":2,"zombie_extreme:ruber":2,"minecraft:wooden_shovel":1,"byg:tiny_lilypads":2,"minecraft:iron_ore":6,"minecraft:iron_bars":4,"minecraft:arrow":2,"zombie_extreme:vodka":1},"minecraft:custom":{"minecraft:mob_kills":189,"minecraft:interact_with_crafting_table":30,"minecraft:damage_dealt_resisted":197,"minecraft:leave_game":25,"minecraft:time_since_death":91966,"minecraft:climb_one_cm":21796,"minecraft:sprint_one_cm":2093137,"minecraft:walk_one_cm":1111967,"minecraft:damage_blocked_by_shield":815,"minecraft:drop":62,"minecraft:damage_dealt_absorbed":89,"minecraft:deaths":32,"minecraft:sneak_time":20966,"minecraft:walk_under_water_one_cm":20546,"minecraft:boat_one_cm":131645,"minecraft:jump":6903,"minecraft:walk_on_water_one_cm":49158,"minecraft:interact_with_furnace":39,"minecraft:play_one_minute":924624,"minecraft:interact_with_stonecutter":1,"minecraft:sleep_in_bed":16,"minecraft:time_since_rest":92005,"minecraft:damage_taken":5837,"minecraft:damage_dealt":29926,"minecraft:player_kills":8,"minecraft:swim_one_cm":16569,"minecraft:fly_one_cm":3393118,"minecraft:open_chest":124,"minecraft:crouch_one_cm":34589,"minecraft:fall_one_cm":93898},"minecraft:broken":{"minecraft:stone_pickaxe":2,"zombie_extreme:chemical_protection_suit_boots":1,"minecraft:diamond_pickaxe":1,"minecraft:stone_axe":1,"minecraft:iron_pickaxe":1,"zombie_extreme:wrench":1,"minecraft:stone_shovel":1},"minecraft:picked_up":{"minecraft:coarse_dirt":1,"minecraft:crafting_table":2,"byg:soapstone":26,"zombie_extreme:blackmetal":22,"minecraft:chicken":2,"zombie_extreme:wrench":1,"zombie_extreme:metalbar":1,"byg:tiny_lilypads":7,"minecraft:brewing_stand":1,"minecraft:brick":1,"minecraft:string":24,"zombie_extreme:chips":3,"zombie_extreme:coprse":1,"byg:pine_log":21,"minecraft:spruce_planks":12,"minecraft:beef":49,"minecraft:oak_boat":7,"minecraft:poppy":1,"minecraft:iron_pickaxe":1,"zombie_extreme:copper_ignot":1,"minecraft:sugar_cane":2,"minecraft:chest":7,"zombie_extreme:copper_ore":9,"minecraft:furnace":2,"zombie_extreme:ruby":3,"minecraft:torch":34,"minecraft:bowl":3,"sophisticatedbackpacks:backpack":1,"zombie_extreme:bettary":1,"minecraft:porkchop":41,"zombie_extreme:titanore":17,"zombie_extreme:jamglass":6,"zombie_extreme:wirefence":6,"minecraft:diorite":46,"minecraft:redstone":61,"minecraft:carrot":1,"zombie_extreme:soda":2,"zombie_extreme:photo_camera":1,"byg:pine_sapling":8,"minecraft:arrow":2,"minecraft:rotten_flesh":48,"zombie_extreme:balaclava_helmet":1,"minecraft:cyan_terracotta":2,"zombie_extreme:chemical_protection_suit_helmet":1,"minecraft:obsidian":7,"zombie_extreme:butcher_knife":1,"minecraft:snowball":19,"minecraft:mutton":40,"zombie_extreme:chemical_protection_suit_leggings":1,"minecraft:iron_bars":7,"byg:rocky_stone":24,"byg:blue_spruce_sapling":1,"minecraft:white_wool":18,"minecraft:cobblestone":1040,"minecraft:feather":5,"minecraft:cooked_beef":23,"minecraft:iron_door":1,"minecraft:andesite":41,"minecraft:brown_wool":1,"minecraft:leather":28,"zombie_extreme:wire":8,"minecraft:flint":2,"minecraft:oak_log":18,"minecraft:lily_pad":6,"zombie_extreme:rottenapple":2,"minecraft:lapis_lazuli":58,"zombie_extreme:crowbar":1,"zombie_extreme:ruber":2,"minecraft:dirt":130,"zombie_extreme:gas_can":1,"byg:scoria_cobblestone":30,"minecraft:bone":1,"zombie_extreme:rubber_sheet":1,"minecraft:stone_bricks":268,"minecraft:wheat_seeds":12,"minecraft:iron_ingot":7,"minecraft:iron_ore":99,"zombie_extreme:vendingmachine":1,"zombie_extreme:cloth":3,"byg:cypress_sapling":1,"minecraft:gray_bed":3,"zombie_extreme:spotlight":1,"minecraft:iron_sword":1,"minecraft:acacia_sapling":1,"minecraft:book":51,"zombie_extreme:knifesilicon":1,"zombie_extreme:oreradium":18,"minecraft:gravel":17,"minecraft:spruce_sapling":1,"minecraft:white_bed":6,"minecraft:spruce_log":23,"minecraft:gold_ore":45,"zombie_extreme:saw_blade":1,"zombie_extreme:cardboard_box":6,"zombie_extreme:chemical_protection_suit_boots":1,"minecraft:light_gray_terracotta":4,"minecraft:diamond":14,"minecraft:stone_axe":1,"zombie_extreme:jam":2,"minecraft:iron_helmet":1,"minecraft:granite":27,"zombie_extreme:empty_can":1,"minecraft:black_wool":5,"minecraft:coal":373,"minecraft:diamond_pickaxe":1},"minecraft:crafted":{"minecraft:oak_planks":72,"minecraft:stone_shovel":1,"minecraft:furnace":2,"minecraft:stone":58,"minecraft:iron_boots":1,"minecraft:stone_pickaxe":1,"minecraft:chest":2,"sophisticatedbackpacks:iron_backpack":1,"minecraft:cooked_beef":2,"minecraft:wooden_shovel":1,"sophisticatedbackpacks:backpack":2,"minecraft:crafting_table":3,"minecraft:spruce_planks":56,"minecraft:wooden_pickaxe":1,"minecraft:bucket":1,"minecraft:stone_axe":2,"minecraft:air":0,"minecraft:oak_boat":1,"minecraft:shield":1,"minecraft:stick":52,"minecraft:iron_ingot":63,"minecraft:iron_pickaxe":2,"minecraft:iron_block":1,"minecraft:stone_sword":1,"minecraft:iron_leggings":1,"minecraft:white_bed":2,"minecraft:torch":124,"tac:workbench":1},"minecraft:mined":{"minecraft:yellow_terracotta":2,"minecraft:diamond_ore":12,"minecraft:white_bed":4,"minecraft:spruce_planks":4,"byg:water_silk":1,"zombie_extreme:cardboard_box":6,"minecraft:jungle_leaves":1,"zombie_extreme:copper_ore":9,"minecraft:brewing_stand":1,"minecraft:obsidian":8,"minecraft:granite":25,"minecraft:grass_block":98,"zombie_extreme:blackmetal":22,"minecraft:spruce_leaves":9,"minecraft:redstone_ore":17,"minecraft:furnace":2,"zombie_extreme:oreradium":16,"minecraft:iron_ore":94,"minecraft:snow":21,"minecraft:andesite":39,"zombie_extreme:spotlight":1,"zombie_extreme:wire":6,"minecraft:peony":1,"minecraft:bookshelf":13,"minecraft:iron_bars":5,"byg:rocky_stone":24,"minecraft:stone":1105,"zombie_extreme:coprse":1,"minecraft:glass_pane":2,"minecraft:cyan_terracotta":2,"minecraft:crafting_table":2,"minecraft:torch":16,"minecraft:light_gray_terracotta":2,"zombie_extreme:titanore":17,"minecraft:poppy":1,"minecraft:chest":6,"minecraft:cobblestone":49,"minecraft:lapis_ore":8,"zombie_extreme:wirefence":6,"minecraft:wall_torch":7,"minecraft:diorite":51,"zombie_extreme:vendingmachine":1,"zombie_extreme:rubyore":3,"byg:soapstone":28,"minecraft:coarse_dirt":1,"byg:scoria_stone":28,"minecraft:gray_bed":3,"minecraft:spruce_log":24,"byg:short_grass":8,"byg:pine_log":7,"minecraft:grass":61,"minecraft:oak_log":18,"minecraft:coal_ore":340,"minecraft:gravel":16,"minecraft:dirt":36,"minecraft:cobweb":20,"minecraft:stone_bricks":10,"minecraft:gold_ore":45,"minecraft:oak_leaves":1},"minecraft:used":{"minecraft:stone_sword":9,"minecraft:iron_bars":16,"minecraft:stone_shovel":144,"minecraft:chest":6,"minecraft:stone":4,"minecraft:spruce_planks":4,"minecraft:iron_sword":122,"minecraft:shield":32,"minecraft:zombie_spawn_egg":3,"zombie_extreme:vendingmachine":1,"zombie_extreme:wrench":249,"zombie_extreme:vodka":2,"minecraft:torch":139,"minecraft:dirt":44,"zombie_extreme:hunter_knife":143,"zombie_extreme:coprse":1,"minecraft:stone_bricks":605,"minecraft:furnace":4,"minecraft:gray_bed":3,"minecraft:cooked_beef":1,"minecraft:cooked_mutton":3,"tac:workbench":1,"mca:male_villager_spawn_egg":2,"minecraft:water_bucket":4,"minecraft:diorite":2,"minecraft:stone_pickaxe":185,"minecraft:glass_bottle":2,"minecraft:oak_planks":17,"minecraft:wooden_pickaxe":3,"zombie_extreme:crowbar":78,"zombie_extreme:rat_king_spawn_egg":3,"minecraft:crafting_table":5,"mca:female_villager_spawn_egg":1,"minecraft:white_bed":4,"sophisticatedbackpacks:backpack":2,"minecraft:diamond_pickaxe":1563,"byg:pine_sapling":1,"minecraft:iron_pickaxe":255,"minecraft:stone_axe":92,"minecraft:cobblestone":323,"minecraft:potion":2,"zombie_extreme:knifesilicon":1,"minecraft:cooked_porkchop":20,"minecraft:bucket":4,"minecraft:oak_boat":7,"zombie_extreme:cardboard_box":5,"minecraft:cobweb":6},"minecraft:killed":{"mca:female_zombie_villager":1,"zombie_extreme:soldier_zombie":1,"zombie_extreme:bombsuitzombie":1,"mca:male_zombie_villager":2,"zombie_extreme:infectedperson":4,"zombie_extreme:drawnedzombie":1,"minecraft:horse":5,"minecraft:chicken":3,"zombie_extreme:infected_dog":1,"zombie_extreme:parasite":2,"zombie_extreme:fast_zombie_v_2":5,"minecraft:husk":1,"zombie_extreme:militarysoldier":1,"minecraft:pig":22,"zombie_extreme:infected_hazmat":2,"minecraft:squid":1,"minecraft:sheep":23,"zombie_extreme:policezombie":2,"minecraft:zombie":84,"zombie_extreme:crawler_zombie":2,"zombie_extreme:heavy_military":1,"zombie_extreme:boomerzombie":2,"minecraft:cow":24}},"DataVersion":2586}