{"stats":{"minecraft:crafted":{"minecraft:oak_planks":72,"minecraft:cobblestone_slab":174,"minecraft:stone":58,"minecraft:cobblestone_stairs":324,"minecraft:iron_boots":1,"minecraft:chest":6,"minecraft:wooden_shovel":1,"sophisticatedbackpacks:backpack":2,"minecraft:crafting_table":4,"minecraft:spruce_planks":388,"minecraft:wooden_pickaxe":1,"minecraft:shield":1,"minecraft:stick":64,"minecraft:iron_ingot":76,"minecraft:iron_pickaxe":2,"minecraft:iron_block":1,"minecraft:stone_sword":1,"tac:workbench":1,"minecraft:stone_shovel":6,"minecraft:furnace":2,"minecraft:stone_stairs":40,"minecraft:spruce_stairs":40,"minecraft:iron_axe":2,"minecraft:spruce_slab":78,"minecraft:stone_pickaxe":1,"sophisticatedbackpacks:iron_backpack":1,"minecraft:cooked_beef":2,"minecraft:bucket":1,"minecraft:stone_axe":2,"minecraft:air":0,"minecraft:oak_boat":1,"minecraft:iron_leggings":1,"minecraft:white_bed":2,"minecraft:acacia_planks":44,"minecraft:torch":164},"minecraft:mined":{"minecraft:spruce_planks":22,"minecraft:white_bed":4,"minecraft:cobblestone_stairs":118,"zombie_extreme:copper_ore":9,"minecraft:jungle_leaves":1,"minecraft:brewing_stand":1,"minecraft:obsidian":8,"minecraft:granite":25,"minecraft:grass_block":482,"zombie_extreme:blackmetal":22,"zombie_extreme:oreradium":16,"minecraft:iron_ore":94,"minecraft:iron_bars":8,"zombie_extreme:coprse":1,"minecraft:cyan_terracotta":2,"minecraft:torch":22,"minecraft:light_gray_terracotta":2,"zombie_extreme:titanore":17,"minecraft:blast_furnace":1,"minecraft:poppy":2,"minecraft:chest":6,"minecraft:cobblestone":111,"zombie_extreme:wirefence":6,"minecraft:wall_torch":8,"minecraft:stone_stairs":1,"byg:soapstone":28,"minecraft:grass":115,"minecraft:oak_log":22,"minecraft:dirt":51,"minecraft:oak_leaves":3,"minecraft:yellow_terracotta":2,"minecraft:diamond_ore":12,"byg:water_silk":1,"zombie_extreme:cardboard_box":6,"byg:purple_sage":1,"minecraft:spruce_leaves":51,"minecraft:redstone_ore":17,"minecraft:furnace":2,"minecraft:spruce_sapling":1,"minecraft:snow":70,"minecraft:andesite":39,"zombie_extreme:spotlight":1,"minecraft:peony":1,"zombie_extreme:wire":6,"minecraft:bookshelf":32,"minecraft:cobblestone_slab":14,"byg:rocky_stone":24,"minecraft:stone":1109,"minecraft:glass_pane":2,"minecraft:crafting_table":2,"minecraft:lapis_ore":8,"minecraft:diorite":51,"zombie_extreme:vendingmachine":1,"zombie_extreme:rubyore":3,"minecraft:coarse_dirt":1,"byg:scoria_stone":28,"minecraft:gray_bed":3,"minecraft:spruce_log":202,"byg:short_grass":9,"minecraft:grass_path":1,"byg:pine_log":7,"minecraft:coal_ore":340,"minecraft:gravel":16,"minecraft:cobweb":30,"minecraft:stone_bricks":18,"minecraft:gold_ore":45,"minecraft:iron_trapdoor":1},"minecraft:used":{"minecraft:spruce_slab":76,"minecraft:chest":10,"minecraft:shield":42,"minecraft:stone":8,"minecraft:iron_sword":122,"minecraft:zombie_spawn_egg":3,"zombie_extreme:wrench":249,"zombie_extreme:coprse":1,"minecraft:stone_bricks":613,"minecraft:furnace":4,"minecraft:gray_bed":3,"minecraft:diorite":2,"minecraft:stone_pickaxe":185,"minecraft:oak_planks":17,"minecraft:wooden_pickaxe":3,"zombie_extreme:crowbar":78,"mca:female_villager_spawn_egg":1,"sophisticatedbackpacks:backpack":2,"byg:pine_sapling":1,"zombie_extreme:knifesilicon":31,"minecraft:oak_boat":7,"minecraft:cobweb":6,"minecraft:iron_bars":17,"minecraft:stone_sword":9,"minecraft:stone_shovel":617,"minecraft:spruce_planks":234,"zombie_extreme:vendingmachine":1,"zombie_extreme:vodka":2,"minecraft:torch":176,"minecraft:dirt":76,"minecraft:stone_stairs":1,"zombie_extreme:hunter_knife":204,"minecraft:iron_axe":241,"zombie_extreme:whiskey":1,"minecraft:iron_trapdoor":1,"minecraft:cooked_beef":4,"minecraft:cooked_mutton":3,"mca:male_villager_spawn_egg":2,"tac:workbench":1,"minecraft:water_bucket":9,"minecraft:cobblestone_stairs":426,"minecraft:glass_bottle":2,"minecraft:cobblestone_slab":133,"zombie_extreme:rat_king_spawn_egg":3,"minecraft:crafting_table":6,"minecraft:white_bed":4,"minecraft:spruce_log":44,"minecraft:diamond_pickaxe":1563,"minecraft:iron_pickaxe":474,"minecraft:spruce_sapling":22,"minecraft:stone_axe":123,"minecraft:cobblestone":501,"minecraft:potion":2,"minecraft:cooked_porkchop":33,"minecraft:bucket":10,"zombie_extreme:cardboard_box":5},"minecraft:killed":{"zombie_extreme:soldier_zombie":1,"zombie_extreme:infectedperson":5,"minecraft:chicken":3,"zombie_extreme:militarysoldier":1,"minecraft:pig":22,"zombie_extreme:infected_hazmat":2,"minecraft:sheep":26,"minecraft:pillager":3,"zombie_extreme:policezombie":2,"minecraft:zombie":105,"zombie_extreme:boomerzombie":2,"minecraft:cow":24,"zombie_extreme:bombsuitzombie":1,"mca:female_zombie_villager":1,"mca:male_zombie_villager":2,"zombie_extreme:drawnedzombie":1,"minecraft:horse":5,"zombie_extreme:infected_dog":1,"zombie_extreme:clicker_zombie":1,"zombie_extreme:parasite":2,"zombie_extreme:fast_zombie_v_2":5,"minecraft:husk":1,"minecraft:squid":1,"zombie_extreme:crawler_zombie":2,"zombie_extreme:heavy_military":1},"minecraft:killed_by":{"zombie_extreme:infected_dog":1,"zombie_extreme:militarysoldier":1,"zombie_extreme:parasite":1,"minecraft:zombie":5,"zombie_extreme:fast_zombie_v_2":2,"minecraft:player":16,"zombie_extreme:infectedperson":1,"zombie_extreme:boomerzombie":1},"minecraft:custom":{"minecraft:interact_with_crafting_table":53,"minecraft:leave_game":27,"minecraft:time_since_death":60137,"minecraft:sprint_one_cm":2841178,"minecraft:damage_blocked_by_shield":1095,"minecraft:drop":69,"minecraft:deaths":38,"minecraft:jump":9529,"minecraft:walk_on_water_one_cm":53941,"minecraft:interact_with_furnace":41,"minecraft:play_one_minute":1184005,"minecraft:sleep_in_bed":21,"minecraft:damage_dealt":34777,"minecraft:player_kills":13,"minecraft:crouch_one_cm":64413,"minecraft:mob_kills":222,"minecraft:damage_dealt_resisted":197,"minecraft:climb_one_cm":25378,"minecraft:walk_one_cm":1768243,"minecraft:damage_dealt_absorbed":89,"minecraft:sneak_time":35982,"minecraft:walk_under_water_one_cm":22191,"minecraft:boat_one_cm":131645,"minecraft:interact_with_stonecutter":1,"minecraft:time_since_rest":60173,"minecraft:damage_taken":7431,"minecraft:swim_one_cm":17542,"minecraft:fly_one_cm":3924450,"minecraft:open_chest":167,"minecraft:fall_one_cm":143539},"minecraft:dropped":{"sophisticatedbackpacks:iron_backpack":1,"zombie_extreme:jam":1,"minecraft:cooked_beef":11,"minecraft:diamond":2,"byg:pine_log":14,"minecraft:flint":2,"minecraft:dirt":13,"zombie_extreme:bettary":1,"minecraft:iron_pickaxe":1,"minecraft:white_wool":8,"byg:cypress_sapling":1,"minecraft:white_bed":3,"byg:rocky_stone":2,"zombie_extreme:ruber":2,"byg:tiny_lilypads":2,"minecraft:iron_ore":6,"minecraft:iron_bars":4,"minecraft:arrow":2,"tac:db_short":1,"zombie_extreme:vodka":1,"minecraft:iron_ingot":3,"minecraft:wheat_seeds":8,"byg:pine_sapling":2,"zombie_extreme:rubber_sheet":1,"minecraft:feather":5,"zombie_extreme:cloth":1,"minecraft:stick":3,"minecraft:diorite":3,"minecraft:brown_wool":1,"zombie_extreme:empty_can":1,"zombie_extreme:balaclava_helmet":1,"zombie_extreme:jamglass":2,"zombie_extreme:chips":1,"tac:m870_classic":2,"minecraft:bowl":1,"sophisticatedbackpacks:backpack":1,"zombie_extreme:whiskey":1,"minecraft:diamond_pickaxe":1,"minecraft:wooden_shovel":1,"minecraft:oak_sapling":2},"minecraft:broken":{"minecraft:stone_pickaxe":2,"zombie_extreme:knifesilicon":1,"minecraft:diamond_pickaxe":1,"minecraft:stone_axe":1,"zombie_extreme:wrench":1,"minecraft:stone_shovel":4,"zombie_extreme:chemical_protection_suit_boots":1,"minecraft:iron_axe":1,"minecraft:iron_pickaxe":1},"minecraft:picked_up":{"minecraft:iron_trapdoor":1,"zombie_extreme:metalbar":1,"minecraft:brewing_stand":1,"minecraft:string":34,"zombie_extreme:chips":3,"byg:pine_log":21,"minecraft:spruce_planks":30,"minecraft:cobblestone_slab":14,"minecraft:iron_pickaxe":1,"minecraft:furnace":2,"zombie_extreme:ruby":3,"tac:m870_classic":3,"minecraft:stick":12,"minecraft:torch":52,"minecraft:porkchop":41,"zombie_extreme:jamglass":6,"minecraft:diorite":46,"zombie_extreme:soda":3,"zombie_extreme:photo_camera":1,"byg:pine_sapling":8,"minecraft:rotten_flesh":80,"tac:db_short":1,"minecraft:cyan_terracotta":2,"minecraft:obsidian":7,"minecraft:iron_bars":10,"minecraft:snowball":68,"byg:blue_spruce_sapling":1,"minecraft:cobblestone":1103,"minecraft:feather":5,"minecraft:cooked_beef":23,"minecraft:iron_door":1,"minecraft:andesite":41,"minecraft:brown_wool":1,"byg:willow_planks":1,"zombie_extreme:wire":8,"minecraft:flint":2,"zombie_extreme:crowbar":1,"zombie_extreme:ruber":2,"minecraft:lapis_lazuli":58,"minecraft:dirt":520,"minecraft:bone":1,"zombie_extreme:rubber_sheet":1,"minecraft:wheat_seeds":64,"zombie_extreme:vendingmachine":1,"byg:cypress_sapling":1,"sophisticatedbackpacks:iron_backpack":1,"zombie_extreme:chemical_protection_suit_boots":1,"minecraft:light_gray_terracotta":4,"minecraft:diamond":14,"byg:purple_sage":2,"zombie_extreme:jam":2,"minecraft:granite":27,"minecraft:oak_sapling":3,"minecraft:diamond_pickaxe":1,"minecraft:crafting_table":2,"minecraft:coarse_dirt":1,"byg:soapstone":26,"zombie_extreme:blackmetal":22,"minecraft:chicken":2,"zombie_extreme:wrench":1,"byg:tiny_lilypads":7,"minecraft:brick":1,"minecraft:stone_stairs":1,"zombie_extreme:coprse":1,"minecraft:beef":49,"minecraft:oak_boat":7,"minecraft:poppy":2,"zombie_extreme:copper_ignot":2,"minecraft:sugar_cane":2,"minecraft:chest":7,"zombie_extreme:copper_ore":9,"minecraft:bowl":3,"sophisticatedbackpacks:backpack":1,"zombie_extreme:bettary":1,"zombie_extreme:titanore":17,"zombie_extreme:wirefence":6,"minecraft:redstone":61,"minecraft:carrot":1,"minecraft:arrow":2,"zombie_extreme:balaclava_helmet":1,"zombie_extreme:chemical_protection_suit_helmet":1,"zombie_extreme:butcher_knife":1,"minecraft:mutton":46,"zombie_extreme:chemical_protection_suit_leggings":1,"byg:rocky_stone":24,"minecraft:white_wool":21,"minecraft:lime_bed":1,"minecraft:leather":28,"minecraft:oak_log":18,"minecraft:lily_pad":7,"zombie_extreme:rottenapple":2,"minecraft:cobblestone_stairs":112,"zombie_extreme:gas_can":1,"byg:scoria_cobblestone":30,"minecraft:stone_bricks":277,"minecraft:iron_ingot":7,"minecraft:iron_ore":99,"zombie_extreme:cloth":3,"minecraft:gray_bed":3,"minecraft:iron_sword":1,"zombie_extreme:spotlight":1,"minecraft:acacia_sapling":1,"minecraft:book":114,"zombie_extreme:knifesilicon":1,"zombie_extreme:oreradium":18,"minecraft:gravel":17,"minecraft:spruce_sapling":23,"minecraft:blast_furnace":1,"minecraft:white_bed":6,"minecraft:spruce_log":197,"minecraft:gold_ore":45,"zombie_extreme:saw_blade":1,"zombie_extreme:cardboard_box":6,"minecraft:stone_axe":1,"minecraft:iron_helmet":1,"zombie_extreme:empty_can":1,"minecraft:black_wool":5,"minecraft:coal":373}},"DataVersion":2586}