{"stats":{"minecraft:custom":{"minecraft:interact_with_crafting_table":73,"minecraft:leave_game":28,"minecraft:time_since_death":82845,"minecraft:sprint_one_cm":3043578,"minecraft:damage_blocked_by_shield":1095,"minecraft:drop":81,"minecraft:deaths":39,"minecraft:jump":10256,"minecraft:walk_on_water_one_cm":55015,"minecraft:interact_with_furnace":47,"minecraft:play_one_minute":1270090,"minecraft:sleep_in_bed":23,"minecraft:damage_dealt":35481,"minecraft:player_kills":15,"minecraft:crouch_one_cm":65045,"minecraft:mob_kills":225,"minecraft:damage_dealt_resisted":197,"minecraft:climb_one_cm":25378,"minecraft:walk_one_cm":1995912,"minecraft:damage_dealt_absorbed":89,"minecraft:sneak_time":36233,"minecraft:walk_under_water_one_cm":22364,"minecraft:boat_one_cm":131645,"minecraft:interact_with_stonecutter":1,"minecraft:time_since_rest":26905,"minecraft:damage_taken":7722,"minecraft:swim_one_cm":17542,"minecraft:fly_one_cm":4076996,"minecraft:open_chest":184,"minecraft:fall_one_cm":154179},"minecraft:killed":{"zombie_extreme:soldier_zombie":1,"zombie_extreme:infectedperson":5,"minecraft:chicken":3,"zombie_extreme:militarysoldier":1,"minecraft:pig":22,"zombie_extreme:infected_hazmat":2,"minecraft:sheep":26,"minecraft:pillager":3,"zombie_extreme:policezombie":2,"minecraft:zombie":108,"zombie_extreme:boomerzombie":2,"minecraft:cow":24,"zombie_extreme:bombsuitzombie":1,"mca:female_zombie_villager":1,"mca:male_zombie_villager":2,"zombie_extreme:drawnedzombie":1,"minecraft:horse":5,"zombie_extreme:infected_dog":1,"zombie_extreme:clicker_zombie":1,"zombie_extreme:parasite":2,"zombie_extreme:fast_zombie_v_2":5,"minecraft:husk":1,"minecraft:squid":1,"zombie_extreme:crawler_zombie":2,"zombie_extreme:heavy_military":1},"minecraft:killed_by":{"zombie_extreme:infected_dog":1,"zombie_extreme:militarysoldier":1,"zombie_extreme:parasite":1,"minecraft:zombie":5,"zombie_extreme:fast_zombie_v_2":2,"minecraft:player":16,"zombie_extreme:infectedperson":1,"zombie_extreme:boomerzombie":1},"minecraft:crafted":{"minecraft:oak_planks":72,"minecraft:cobblestone_slab":174,"minecraft:stone":58,"minecraft:cobblestone_stairs":324,"minecraft:glass":19,"minecraft:iron_boots":1,"minecraft:chest":24,"minecraft:wooden_shovel":1,"sophisticatedbackpacks:backpack":2,"minecraft:crafting_table":4,"minecraft:spruce_planks":900,"minecraft:wooden_pickaxe":1,"minecraft:spruce_door":6,"minecraft:shield":1,"minecraft:stick":128,"minecraft:iron_ingot":76,"minecraft:iron_pickaxe":2,"minecraft:iron_block":1,"minecraft:stone_sword":1,"tac:workbench":1,"minecraft:stone_shovel":6,"minecraft:furnace":5,"minecraft:spruce_fence":27,"minecraft:glass_pane":48,"minecraft:stone_stairs":40,"minecraft:spruce_stairs":40,"minecraft:iron_axe":3,"minecraft:spruce_slab":138,"minecraft:stone_pickaxe":2,"sophisticatedbackpacks:iron_backpack":1,"minecraft:cooked_beef":2,"minecraft:bucket":1,"minecraft:stone_axe":2,"minecraft:air":0,"minecraft:oak_boat":1,"minecraft:iron_leggings":1,"minecraft:white_bed":2,"minecraft:acacia_planks":44,"minecraft:torch":164},"minecraft:used":{"minecraft:spruce_slab":117,"minecraft:chest":46,"minecraft:iron_sword":122,"minecraft:shield":42,"minecraft:stone":8,"minecraft:zombie_spawn_egg":3,"zombie_extreme:wrench":249,"zombie_extreme:coprse":1,"minecraft:stone_bricks":617,"minecraft:furnace":7,"minecraft:gray_bed":3,"minecraft:diorite":2,"minecraft:spruce_door":6,"minecraft:stone_pickaxe":216,"minecraft:oak_planks":17,"minecraft:wooden_pickaxe":3,"zombie_extreme:crowbar":78,"mca:female_villager_spawn_egg":1,"sophisticatedbackpacks:backpack":2,"byg:pine_sapling":1,"zombie_extreme:knifesilicon":31,"minecraft:oak_boat":7,"minecraft:coarse_dirt":5,"minecraft:cobweb":6,"minecraft:iron_bars":17,"minecraft:stone_sword":9,"minecraft:stone_shovel":748,"minecraft:spruce_planks":284,"byg:white_sage":1,"zombie_extreme:vendingmachine":1,"zombie_extreme:vodka":2,"minecraft:torch":204,"minecraft:dirt":76,"minecraft:stone_stairs":1,"minecraft:spruce_fence":29,"zombie_extreme:hunter_knife":205,"minecraft:iron_axe":484,"zombie_extreme:whiskey":1,"minecraft:iron_trapdoor":1,"minecraft:cooked_beef":9,"minecraft:cooked_mutton":3,"mca:male_villager_spawn_egg":2,"tac:workbench":1,"minecraft:water_bucket":10,"minecraft:cobblestone_stairs":435,"minecraft:glass_bottle":2,"minecraft:cobblestone_slab":151,"zombie_extreme:rat_king_spawn_egg":3,"minecraft:crafting_table":7,"minecraft:white_bed":5,"minecraft:spruce_log":110,"minecraft:diamond_pickaxe":1563,"minecraft:iron_pickaxe":514,"minecraft:spruce_sapling":23,"minecraft:stone_axe":150,"minecraft:cobblestone":509,"minecraft:potion":2,"minecraft:white_banner":2,"minecraft:cooked_porkchop":33,"minecraft:bucket":11,"minecraft:glass_pane":20,"zombie_extreme:cardboard_box":5},"minecraft:broken":{"minecraft:stone_pickaxe":2,"zombie_extreme:knifesilicon":1,"minecraft:diamond_pickaxe":1,"minecraft:stone_axe":1,"zombie_extreme:wrench":1,"minecraft:stone_shovel":5,"zombie_extreme:chemical_protection_suit_boots":1,"minecraft:iron_axe":2,"minecraft:iron_pickaxe":2},"minecraft:mined":{"minecraft:spruce_planks":45,"minecraft:white_bed":4,"minecraft:cobblestone_stairs":130,"minecraft:jungle_leaves":1,"zombie_extreme:copper_ore":9,"minecraft:brewing_stand":1,"minecraft:obsidian":8,"minecraft:granite":25,"minecraft:grass_block":494,"zombie_extreme:blackmetal":22,"zombie_extreme:oreradium":16,"minecraft:iron_ore":94,"minecraft:iron_bars":8,"minecraft:white_banner":2,"zombie_extreme:coprse":1,"minecraft:cyan_terracotta":2,"minecraft:torch":28,"minecraft:light_gray_terracotta":2,"zombie_extreme:titanore":17,"minecraft:blast_furnace":1,"minecraft:poppy":2,"minecraft:chest":24,"minecraft:cobblestone":148,"zombie_extreme:wirefence":6,"minecraft:wall_torch":12,"minecraft:stone_stairs":1,"byg:soapstone":28,"minecraft:grass":121,"minecraft:oak_log":22,"minecraft:sand":108,"minecraft:dirt":62,"minecraft:oak_leaves":3,"minecraft:yellow_terracotta":2,"minecraft:diamond_ore":12,"byg:water_silk":1,"zombie_extreme:cardboard_box":6,"byg:purple_sage":1,"minecraft:spruce_fence":3,"minecraft:spruce_leaves":55,"minecraft:redstone_ore":17,"minecraft:spruce_sapling":1,"minecraft:furnace":2,"minecraft:snow":70,"minecraft:andesite":39,"minecraft:stripped_spruce_log":9,"zombie_extreme:spotlight":1,"minecraft:peony":1,"zombie_extreme:wire":6,"minecraft:bookshelf":32,"minecraft:cobblestone_slab":18,"byg:rocky_stone":24,"minecraft:stone":1109,"minecraft:glass_pane":8,"minecraft:spruce_door":1,"minecraft:crafting_table":3,"minecraft:lapis_ore":8,"minecraft:diorite":51,"zombie_extreme:vendingmachine":1,"zombie_extreme:rubyore":3,"minecraft:coarse_dirt":6,"byg:scoria_stone":28,"minecraft:gray_bed":3,"minecraft:spruce_log":394,"byg:short_grass":9,"minecraft:grass_path":1,"byg:pine_log":7,"minecraft:coal_ore":340,"minecraft:gravel":16,"minecraft:cobweb":30,"minecraft:stone_bricks":27,"minecraft:gold_ore":45,"minecraft:iron_trapdoor":1},"minecraft:picked_up":{"minecraft:iron_trapdoor":1,"zombie_extreme:metalbar":1,"minecraft:brewing_stand":1,"minecraft:string":34,"zombie_extreme:chips":3,"byg:pine_log":21,"minecraft:spruce_planks":53,"minecraft:cobblestone_slab":21,"minecraft:iron_pickaxe":1,"minecraft:furnace":2,"zombie_extreme:ruby":3,"tac:m870_classic":3,"minecraft:stick":12,"minecraft:torch":63,"minecraft:porkchop":41,"zombie_extreme:jamglass":6,"minecraft:diorite":46,"zombie_extreme:soda":3,"zombie_extreme:photo_camera":1,"byg:pine_sapling":8,"minecraft:rotten_flesh":82,"tac:db_short":1,"minecraft:cyan_terracotta":2,"minecraft:obsidian":7,"minecraft:iron_bars":10,"minecraft:snowball":68,"byg:blue_spruce_sapling":1,"minecraft:cobblestone":1137,"minecraft:feather":5,"minecraft:cooked_beef":23,"minecraft:iron_door":1,"minecraft:andesite":41,"minecraft:brown_wool":1,"byg:willow_planks":1,"zombie_extreme:wire":8,"minecraft:flint":2,"zombie_extreme:crowbar":1,"zombie_extreme:ruber":2,"minecraft:lapis_lazuli":58,"minecraft:dirt":543,"byg:white_sage":1,"minecraft:glass":8,"minecraft:bone":1,"zombie_extreme:rubber_sheet":1,"minecraft:wheat_seeds":64,"zombie_extreme:vendingmachine":1,"byg:cypress_sapling":1,"minecraft:sand":105,"minecraft:stripped_spruce_log":9,"sophisticatedbackpacks:iron_backpack":1,"zombie_extreme:chemical_protection_suit_boots":1,"minecraft:light_gray_terracotta":4,"minecraft:diamond":14,"byg:purple_sage":2,"zombie_extreme:jam":2,"minecraft:granite":27,"minecraft:oak_sapling":3,"minecraft:diamond_pickaxe":1,"minecraft:crafting_table":3,"minecraft:coarse_dirt":6,"byg:soapstone":26,"zombie_extreme:blackmetal":22,"minecraft:chicken":2,"zombie_extreme:wrench":1,"byg:tiny_lilypads":7,"minecraft:brick":1,"minecraft:stone_stairs":1,"zombie_extreme:coprse":1,"minecraft:beef":49,"minecraft:oak_boat":7,"minecraft:poppy":2,"zombie_extreme:copper_ignot":2,"minecraft:sugar_cane":2,"minecraft:chest":25,"zombie_extreme:copper_ore":9,"minecraft:bowl":3,"sophisticatedbackpacks:backpack":1,"minecraft:spruce_fence":3,"zombie_extreme:bettary":1,"zombie_extreme:titanore":17,"zombie_extreme:wirefence":6,"minecraft:redstone":61,"minecraft:carrot":1,"minecraft:arrow":2,"zombie_extreme:balaclava_helmet":1,"zombie_extreme:chemical_protection_suit_helmet":1,"zombie_extreme:butcher_knife":1,"minecraft:mutton":46,"zombie_extreme:chemical_protection_suit_leggings":1,"byg:rocky_stone":24,"minecraft:white_wool":21,"minecraft:lime_bed":1,"minecraft:leather":28,"minecraft:oak_log":18,"minecraft:lily_pad":7,"zombie_extreme:rottenapple":2,"minecraft:cobblestone_stairs":124,"minecraft:white_banner":2,"zombie_extreme:gas_can":1,"byg:scoria_cobblestone":30,"minecraft:stone_bricks":286,"minecraft:iron_ingot":7,"minecraft:iron_ore":99,"zombie_extreme:cloth":3,"minecraft:gray_bed":3,"minecraft:iron_sword":1,"zombie_extreme:spotlight":1,"minecraft:acacia_sapling":1,"minecraft:book":114,"zombie_extreme:knifesilicon":1,"zombie_extreme:oreradium":18,"minecraft:gravel":17,"minecraft:spruce_sapling":24,"minecraft:blast_furnace":1,"minecraft:white_bed":6,"minecraft:spruce_log":388,"minecraft:gold_ore":45,"zombie_extreme:saw_blade":1,"minecraft:spruce_door":7,"zombie_extreme:cardboard_box":6,"minecraft:stone_axe":1,"minecraft:iron_helmet":1,"zombie_extreme:empty_can":1,"minecraft:black_wool":5,"minecraft:coal":373},"minecraft:dropped":{"sophisticatedbackpacks:iron_backpack":1,"zombie_extreme:jam":1,"minecraft:cooked_beef":11,"minecraft:diamond":2,"byg:pine_log":14,"minecraft:flint":2,"minecraft:dirt":77,"zombie_extreme:bettary":1,"minecraft:iron_pickaxe":1,"minecraft:white_wool":8,"byg:cypress_sapling":1,"minecraft:white_bed":3,"byg:rocky_stone":2,"zombie_extreme:ruber":2,"byg:tiny_lilypads":2,"minecraft:iron_ore":6,"minecraft:iron_bars":4,"minecraft:arrow":2,"tac:db_short":1,"zombie_extreme:vodka":1,"minecraft:iron_ingot":3,"minecraft:wheat_seeds":8,"byg:pine_sapling":2,"zombie_extreme:rubber_sheet":1,"minecraft:feather":5,"minecraft:cobblestone":95,"zombie_extreme:cloth":1,"minecraft:spruce_stairs":40,"minecraft:stick":3,"minecraft:diorite":3,"minecraft:brown_wool":1,"zombie_extreme:empty_can":1,"zombie_extreme:balaclava_helmet":1,"zombie_extreme:jamglass":2,"zombie_extreme:chips":1,"tac:m870_classic":2,"minecraft:bowl":1,"sophisticatedbackpacks:backpack":1,"zombie_extreme:whiskey":1,"minecraft:stone":64,"minecraft:spruce_planks":223,"minecraft:diamond_pickaxe":1,"minecraft:wooden_shovel":1,"minecraft:oak_sapling":2,"minecraft:spruce_log":33}},"DataVersion":2586}