{"stats":{"minecraft:killed":{"minecraft:squid":1},"minecraft:used":{"minecraft:cooked_mutton":3,"toughasnails:purified_water_canteen":2,"minecraft:potion":2,"toughasnails:purified_water_bottle":1,"minecraft:glass_bottle":2},"minecraft:custom":{"minecraft:jump":580,"minecraft:open_chest":2,"minecraft:time_since_rest":22316,"minecraft:damage_taken":210,"minecraft:crouch_one_cm":409,"minecraft:play_one_minute":67297,"minecraft:leave_game":4,"minecraft:time_since_death":22286,"minecraft:sprint_one_cm":134053,"minecraft:walk_one_cm":31376,"minecraft:walk_on_water_one_cm":10572,"minecraft:deaths":3,"minecraft:sneak_time":1050,"minecraft:walk_under_water_one_cm":2959,"minecraft:mob_kills":1,"minecraft:swim_one_cm":6978,"minecraft:fall_one_cm":5819,"minecraft:fly_one_cm":336085}},"DataVersion":2586}