{"stats":{"minecraft:used":{"minecraft:cooked_mutton":3,"mca:male_villager_spawn_egg":2,"minecraft:iron_bars":16,"minecraft:stone_pickaxe":134,"minecraft:glass_bottle":2,"minecraft:spruce_planks":3,"minecraft:oak_planks":17,"minecraft:chest":6,"minecraft:wooden_pickaxe":3,"minecraft:stone":4,"minecraft:iron_sword":95,"zombie_extreme:wrench":34,"zombie_extreme:vodka":1,"minecraft:torch":11,"zombie_extreme:rat_king_spawn_egg":3,"minecraft:dirt":10,"minecraft:crafting_table":4,"mca:female_villager_spawn_egg":1,"minecraft:white_bed":1,"byg:pine_sapling":1,"minecraft:stone_axe":72,"minecraft:potion":2,"minecraft:cobblestone":12,"minecraft:furnace":2,"minecraft:oak_boat":7,"minecraft:cooked_beef":1},"minecraft:crafted":{"minecraft:cooked_beef":2,"minecraft:oak_planks":72,"minecraft:wooden_shovel":1,"minecraft:spruce_planks":56,"minecraft:crafting_table":2,"minecraft:wooden_pickaxe":1,"minecraft:furnace":2,"minecraft:stone_axe":1,"minecraft:air":0,"minecraft:oak_boat":1,"minecraft:stick":12,"minecraft:stone_pickaxe":1,"minecraft:white_bed":1,"minecraft:torch":4},"minecraft:killed":{"minecraft:pig":22,"minecraft:squid":1,"minecraft:sheep":23,"minecraft:horse":5,"minecraft:zombie":1,"minecraft:chicken":3,"minecraft:cow":24},"minecraft:broken":{"minecraft:stone_pickaxe":1},"minecraft:killed_by":{"zombie_extreme:boomerzombie":1,"minecraft:zombie":3,"zombie_extreme:fast_zombie_v_2":1},"minecraft:picked_up":{"minecraft:crafting_table":2,"minecraft:feather":5,"minecraft:chicken":2,"zombie_extreme:wrench":1,"minecraft:brown_wool":1,"minecraft:leather":28,"minecraft:oak_log":18,"byg:tiny_lilypads":7,"minecraft:lily_pad":6,"minecraft:brewing_stand":1,"zombie_extreme:crowbar":1,"zombie_extreme:ruber":2,"minecraft:dirt":26,"zombie_extreme:chips":1,"zombie_extreme:rubber_sheet":1,"byg:pine_log":21,"minecraft:wheat_seeds":10,"minecraft:beef":49,"minecraft:oak_boat":7,"minecraft:poppy":1,"zombie_extreme:cloth":1,"byg:cypress_sapling":1,"minecraft:sugar_cane":2,"minecraft:chest":6,"minecraft:acacia_sapling":1,"zombie_extreme:copper_ore":7,"minecraft:torch":10,"minecraft:bowl":1,"minecraft:porkchop":41,"zombie_extreme:jamglass":4,"minecraft:spruce_sapling":1,"minecraft:spruce_log":23,"zombie_extreme:cardboard_box":3,"byg:pine_sapling":8,"minecraft:arrow":2,"minecraft:rotten_flesh":2,"minecraft:stone_axe":1,"zombie_extreme:jam":2,"zombie_extreme:empty_can":1,"zombie_extreme:butcher_knife":1,"minecraft:black_wool":5,"byg:rocky_stone":2,"minecraft:mutton":40,"minecraft:iron_bars":5,"minecraft:coal":71,"byg:blue_spruce_sapling":1,"minecraft:white_wool":18,"minecraft:cobblestone":43},"minecraft:mined":{"byg:water_silk":1,"zombie_extreme:cardboard_box":3,"zombie_extreme:copper_ore":7,"minecraft:brewing_stand":1,"minecraft:crafting_table":2,"minecraft:torch":5,"minecraft:grass_block":11,"minecraft:poppy":1,"minecraft:chest":6,"minecraft:spruce_leaves":2,"minecraft:wall_torch":3,"minecraft:spruce_log":24,"byg:short_grass":7,"byg:pine_log":7,"minecraft:peony":1,"minecraft:grass":29,"minecraft:coal_ore":72,"minecraft:oak_log":18,"minecraft:iron_bars":3,"minecraft:dirt":10,"byg:rocky_stone":2,"minecraft:stone":43},"minecraft:dropped":{"zombie_extreme:jam":1,"zombie_extreme:jamglass":1,"minecraft:wheat_seeds":7,"zombie_extreme:chips":1,"byg:pine_sapling":2,"minecraft:bowl":1,"byg:pine_log":14,"zombie_extreme:rubber_sheet":1,"minecraft:feather":5,"zombie_extreme:cloth":1,"byg:cypress_sapling":1,"minecraft:stick":3,"minecraft:dirt":3,"byg:rocky_stone":2,"zombie_extreme:ruber":2,"minecraft:brown_wool":1,"byg:tiny_lilypads":2,"minecraft:wooden_shovel":1,"zombie_extreme:empty_can":1,"minecraft:iron_bars":4,"minecraft:arrow":2,"minecraft:white_wool":8},"minecraft:custom":{"minecraft:interact_with_furnace":7,"minecraft:mob_kills":79,"minecraft:interact_with_crafting_table":9,"minecraft:play_one_minute":559804,"minecraft:leave_game":24,"minecraft:time_since_death":33973,"minecraft:sleep_in_bed":6,"minecraft:climb_one_cm":8244,"minecraft:time_since_rest":34003,"minecraft:sprint_one_cm":1146333,"minecraft:damage_taken":1426,"minecraft:walk_one_cm":343720,"minecraft:drop":36,"minecraft:damage_dealt":8022,"minecraft:swim_one_cm":15611,"minecraft:fly_one_cm":2633744,"minecraft:open_chest":46,"minecraft:crouch_one_cm":1231,"minecraft:deaths":14,"minecraft:sneak_time":4893,"minecraft:walk_under_water_one_cm":18694,"minecraft:boat_one_cm":131645,"minecraft:jump":3662,"minecraft:walk_on_water_one_cm":29382,"minecraft:fall_one_cm":46369}},"DataVersion":2586}