{"stats":{"minecraft:killed":{"minecraft:squid":1},"minecraft:used":{"minecraft:cooked_mutton":3,"minecraft:potion":2,"toughasnails:purified_water_bottle":1,"minecraft:glass_bottle":2,"toughasnails:purified_water_canteen":2,"byg:pine_sapling":1},"minecraft:custom":{"minecraft:time_since_rest":26371,"minecraft:open_chest":2,"minecraft:crouch_one_cm":409,"minecraft:play_one_minute":125984,"minecraft:sprint_one_cm":276818,"minecraft:deaths":6,"minecraft:damage_taken":210,"minecraft:walk_one_cm":69434,"minecraft:sneak_time":1161,"minecraft:walk_under_water_one_cm":5742,"minecraft:mob_kills":1,"minecraft:drop":1,"minecraft:jump":981,"minecraft:damage_dealt":55,"minecraft:leave_game":5,"minecraft:walk_on_water_one_cm":11702,"minecraft:time_since_death":26343,"minecraft:climb_one_cm":3162,"minecraft:swim_one_cm":9719,"minecraft:interact_with_crafting_table":1,"minecraft:fall_one_cm":6237,"minecraft:fly_one_cm":575055},"minecraft:dropped":{"byg:pine_sapling":1},"minecraft:picked_up":{"byg:pine_sapling":3,"minecraft:torch":1}},"DataVersion":2586}