{"stats":{"minecraft:picked_up":{"minecraft:porkchop":1,"zombie_extreme:titanbar":1,"minecraft:gunpowder":3,"byg:pine_sapling":1,"zombie_extreme:blackbar":1,"minecraft:bone":2,"minecraft:arrow":2,"minecraft:rotten_flesh":16,"minecraft:diamond":2,"minecraft:iron_ingot":2,"zombie_extreme:painkillers":1,"zombie_extreme:copper_ignot":1,"minecraft:mutton":4,"minecraft:white_wool":2},"minecraft:custom":{"minecraft:time_since_rest":72132,"minecraft:sprint_one_cm":234834,"minecraft:walk_one_cm":47806,"minecraft:mob_kills":23,"minecraft:damage_dealt":20,"minecraft:swim_one_cm":876,"minecraft:fly_one_cm":395467,"minecraft:open_chest":1,"minecraft:play_one_minute":89752,"minecraft:crouch_one_cm":125,"minecraft:deaths":3,"minecraft:sneak_time":368,"minecraft:walk_under_water_one_cm":101,"minecraft:jump":569,"minecraft:damage_dealt_resisted":14,"minecraft:leave_game":2,"minecraft:time_since_death":72095,"minecraft:walk_on_water_one_cm":2348,"minecraft:climb_one_cm":206,"minecraft:fall_one_cm":627,"minecraft:horse_one_cm":2571},"minecraft:used":{"minecraft:grass_block":5,"zombie_extreme:militarysoldier_spawn_egg":1,"zombie_extreme:rat_king_spawn_egg":4},"minecraft:killed":{"minecraft:sheep":3,"minecraft:horse":1,"minecraft:skeleton":3,"zombie_extreme:bombsuitzombie":1,"zombie_extreme:militarysoldier":1,"minecraft:zombie":2,"minecraft:pig":1,"minecraft:spider":1,"zombie_extreme:explosive_zombie":1,"minecraft:creeper":3,"zombie_extreme:boomerzombie":1,"zombie_extreme:rat_king":4,"zombie_extreme:drawnedzombie":1}},"DataVersion":2586}