{"stats":{"minecraft:killed":{"minecraft:squid":1},"minecraft:used":{"minecraft:cooked_mutton":3,"minecraft:potion":2,"toughasnails:purified_water_bottle":1,"minecraft:glass_bottle":2,"toughasnails:purified_water_canteen":2,"byg:pine_sapling":1},"minecraft:custom":{"minecraft:time_since_rest":762,"minecraft:open_chest":2,"minecraft:crouch_one_cm":409,"minecraft:play_one_minute":140892,"minecraft:sprint_one_cm":310646,"minecraft:deaths":7,"minecraft:damage_taken":210,"minecraft:walk_one_cm":73002,"minecraft:sneak_time":1183,"minecraft:walk_under_water_one_cm":5742,"minecraft:mob_kills":1,"minecraft:drop":1,"minecraft:jump":1049,"minecraft:damage_dealt":105,"minecraft:leave_game":6,"minecraft:walk_on_water_one_cm":11831,"minecraft:time_since_death":717,"minecraft:climb_one_cm":4486,"minecraft:swim_one_cm":9719,"minecraft:interact_with_crafting_table":1,"minecraft:fall_one_cm":6237,"minecraft:fly_one_cm":599052},"minecraft:dropped":{"byg:pine_sapling":1},"minecraft:picked_up":{"byg:pine_sapling":3,"minecraft:torch":1,"byg:blue_spruce_sapling":1}},"DataVersion":2586}