{"stats":{"minecraft:used":{"zombie_extreme:rat_king_spawn_egg":2},"minecraft:killed":{"minecraft:sheep":1,"zombie_extreme:explosive_zombie":1,"zombie_extreme:boomerzombie":1,"zombie_extreme:rat_king":2},"minecraft:picked_up":{"minecraft:iron_ingot":1,"minecraft:rotten_flesh":5,"minecraft:diamond":2,"zombie_extreme:copper_ignot":1,"minecraft:mutton":1,"minecraft:white_wool":1},"minecraft:custom":{"minecraft:jump":126,"minecraft:time_since_rest":7778,"minecraft:play_one_minute":25398,"minecraft:walk_one_cm":4715,"minecraft:leave_game":1,"minecraft:sprint_one_cm":42301,"minecraft:time_since_death":7741,"minecraft:walk_on_water_one_cm":741,"minecraft:deaths":3,"minecraft:sneak_time":82,"minecraft:mob_kills":5,"minecraft:fall_one_cm":627,"minecraft:fly_one_cm":63890}},"DataVersion":2586}