{"stats":{"minecraft:killed":{"minecraft:squid":1},"minecraft:used":{"minecraft:cooked_mutton":3,"minecraft:potion":2,"toughasnails:purified_water_bottle":1,"minecraft:glass_bottle":2,"toughasnails:purified_water_canteen":2},"minecraft:custom":{"minecraft:time_since_rest":26668,"minecraft:open_chest":2,"minecraft:crouch_one_cm":409,"minecraft:play_one_minute":95984,"minecraft:sprint_one_cm":250234,"minecraft:deaths":5,"minecraft:damage_taken":210,"minecraft:walk_one_cm":63729,"minecraft:sneak_time":1160,"minecraft:walk_under_water_one_cm":5742,"minecraft:mob_kills":1,"minecraft:jump":912,"minecraft:damage_dealt":55,"minecraft:leave_game":5,"minecraft:walk_on_water_one_cm":11702,"minecraft:time_since_death":26637,"minecraft:climb_one_cm":3162,"minecraft:swim_one_cm":9719,"minecraft:interact_with_crafting_table":1,"minecraft:fall_one_cm":6237,"minecraft:fly_one_cm":540777},"minecraft:picked_up":{"minecraft:torch":1}},"DataVersion":2586}