{"stats":{"minecraft:dropped":{"byg:pine_sapling":1,"byg:cypress_sapling":1,"byg:tiny_lilypads":2},"minecraft:picked_up":{"minecraft:crafting_table":2,"minecraft:feather":3,"minecraft:chicken":2,"minecraft:brown_wool":1,"minecraft:leather":6,"minecraft:oak_log":18,"byg:tiny_lilypads":7,"minecraft:lily_pad":6,"minecraft:brewing_stand":1,"minecraft:dirt":10,"byg:pine_log":7,"minecraft:wheat_seeds":5,"minecraft:beef":10,"minecraft:oak_boat":7,"minecraft:poppy":1,"byg:cypress_sapling":1,"minecraft:sugar_cane":2,"minecraft:acacia_sapling":1,"zombie_extreme:copper_ore":7,"minecraft:torch":3,"minecraft:porkchop":20,"minecraft:spruce_sapling":1,"minecraft:spruce_log":9,"byg:pine_sapling":7,"minecraft:black_wool":3,"minecraft:mutton":21,"minecraft:iron_bars":3,"minecraft:coal":71,"byg:blue_spruce_sapling":1,"minecraft:white_wool":8,"minecraft:cobblestone":17},"minecraft:custom":{"minecraft:mob_kills":28,"minecraft:interact_with_crafting_table":6,"minecraft:play_one_minute":320160,"minecraft:leave_game":14,"minecraft:time_since_death":145882,"minecraft:sleep_in_bed":1,"minecraft:climb_one_cm":8244,"minecraft:time_since_rest":20112,"minecraft:sprint_one_cm":819370,"minecraft:damage_taken":435,"minecraft:walk_one_cm":204396,"minecraft:drop":4,"minecraft:damage_dealt":2537,"minecraft:swim_one_cm":15611,"minecraft:fly_one_cm":959628,"minecraft:open_chest":6,"minecraft:crouch_one_cm":682,"minecraft:deaths":9,"minecraft:sneak_time":2092,"minecraft:walk_under_water_one_cm":9499,"minecraft:boat_one_cm":131645,"minecraft:jump":2173,"minecraft:walk_on_water_one_cm":25436,"minecraft:fall_one_cm":18488},"minecraft:killed":{"minecraft:pig":9,"minecraft:squid":1,"minecraft:sheep":10,"minecraft:chicken":3,"minecraft:cow":5},"minecraft:mined":{"byg:water_silk":1,"zombie_extreme:copper_ore":7,"minecraft:brewing_stand":1,"minecraft:crafting_table":2,"minecraft:grass_block":7,"minecraft:poppy":1,"minecraft:wall_torch":1,"byg:short_grass":6,"minecraft:spruce_log":9,"minecraft:peony":1,"byg:pine_log":7,"minecraft:grass":15,"minecraft:coal_ore":72,"minecraft:oak_log":18,"minecraft:iron_bars":3,"minecraft:stone":17},"minecraft:crafted":{"minecraft:oak_planks":72,"minecraft:wooden_shovel":1,"minecraft:crafting_table":1,"minecraft:wooden_pickaxe":1,"minecraft:stone_axe":1,"minecraft:oak_boat":1,"minecraft:stick":12,"minecraft:stone_pickaxe":1,"minecraft:torch":4},"minecraft:used":{"minecraft:cooked_mutton":3,"minecraft:iron_bars":1,"minecraft:glass_bottle":2,"minecraft:stone_pickaxe":98,"minecraft:wooden_pickaxe":3,"minecraft:iron_sword":35,"toughasnails:water_canteen":22,"minecraft:torch":3,"minecraft:dirt":6,"minecraft:crafting_table":3,"toughasnails:empty_canteen":1,"byg:pine_sapling":1,"minecraft:stone_axe":65,"minecraft:cobblestone":11,"minecraft:potion":2,"toughasnails:purified_water_bottle":1,"toughasnails:purified_water_canteen":2,"minecraft:oak_boat":7}},"DataVersion":2586}