{"stats":{"minecraft:used":{"minecraft:cooked_mutton":3,"minecraft:glass_bottle":2,"minecraft:stone_pickaxe":8,"byg:pine_sapling":1,"minecraft:wooden_pickaxe":3,"minecraft:stone_axe":3,"minecraft:potion":2,"minecraft:crafting_table":1,"toughasnails:purified_water_bottle":1,"toughasnails:purified_water_canteen":2},"minecraft:killed":{"minecraft:squid":1},"minecraft:dropped":{"byg:pine_sapling":1},"minecraft:mined":{"minecraft:spruce_log":1,"minecraft:crafting_table":1,"minecraft:grass":2,"minecraft:oak_log":7,"minecraft:stone":11},"minecraft:crafted":{"minecraft:oak_planks":28,"minecraft:crafting_table":1,"minecraft:stick":8,"minecraft:wooden_pickaxe":1,"minecraft:stone_pickaxe":1,"minecraft:stone_axe":1},"minecraft:picked_up":{"minecraft:crafting_table":1,"minecraft:torch":1,"minecraft:oak_log":7,"minecraft:spruce_log":1,"byg:pine_sapling":3,"minecraft:wheat_seeds":1,"byg:blue_spruce_sapling":1,"minecraft:cobblestone":11},"minecraft:custom":{"minecraft:time_since_rest":13912,"minecraft:sprint_one_cm":315988,"minecraft:damage_taken":235,"minecraft:walk_one_cm":77489,"minecraft:mob_kills":1,"minecraft:drop":1,"minecraft:damage_dealt":105,"minecraft:swim_one_cm":9719,"minecraft:interact_with_crafting_table":4,"minecraft:fly_one_cm":716667,"minecraft:open_chest":2,"minecraft:crouch_one_cm":409,"minecraft:play_one_minute":188160,"minecraft:deaths":9,"minecraft:sneak_time":1478,"minecraft:walk_under_water_one_cm":5742,"minecraft:jump":1063,"minecraft:leave_game":13,"minecraft:walk_on_water_one_cm":11831,"minecraft:time_since_death":13882,"minecraft:climb_one_cm":4486,"minecraft:fall_one_cm":6446}},"DataVersion":2586}