{"stats":{"minecraft:dropped":{"byg:pine_sapling":1},"minecraft:picked_up":{"minecraft:crafting_table":2,"minecraft:leather":3,"minecraft:torch":2,"minecraft:porkchop":9,"minecraft:lily_pad":5,"minecraft:oak_log":18,"minecraft:spruce_sapling":1,"minecraft:brewing_stand":1,"minecraft:spruce_log":9,"minecraft:dirt":6,"byg:pine_sapling":7,"byg:pine_log":7,"minecraft:wheat_seeds":4,"minecraft:beef":4,"minecraft:oak_boat":2,"minecraft:poppy":1,"byg:cypress_sapling":1,"minecraft:black_wool":3,"minecraft:acacia_sapling":1,"minecraft:mutton":15,"minecraft:coal":53,"byg:blue_spruce_sapling":1,"minecraft:white_wool":5,"minecraft:cobblestone":14},"minecraft:custom":{"minecraft:time_since_rest":2112,"minecraft:sprint_one_cm":717280,"minecraft:damage_taken":435,"minecraft:walk_one_cm":177344,"minecraft:mob_kills":15,"minecraft:drop":1,"minecraft:damage_dealt":1324,"minecraft:swim_one_cm":15249,"minecraft:interact_with_crafting_table":6,"minecraft:fly_one_cm":907207,"minecraft:open_chest":3,"minecraft:play_one_minute":302160,"minecraft:crouch_one_cm":643,"minecraft:deaths":9,"minecraft:sneak_time":1795,"minecraft:walk_under_water_one_cm":9472,"minecraft:boat_one_cm":18108,"minecraft:jump":1880,"minecraft:leave_game":14,"minecraft:time_since_death":127882,"minecraft:walk_on_water_one_cm":22320,"minecraft:sleep_in_bed":1,"minecraft:climb_one_cm":5568,"minecraft:fall_one_cm":13919},"minecraft:killed":{"minecraft:sheep":6,"minecraft:pig":4,"minecraft:chicken":1,"minecraft:squid":1,"minecraft:cow":3},"minecraft:mined":{"minecraft:spruce_log":9,"byg:short_grass":2,"minecraft:brewing_stand":1,"byg:pine_log":7,"minecraft:crafting_table":2,"minecraft:grass":12,"minecraft:grass_block":3,"minecraft:oak_log":18,"minecraft:coal_ore":54,"minecraft:poppy":1,"minecraft:stone":14,"minecraft:wall_torch":1},"minecraft:crafted":{"minecraft:oak_boat":1,"minecraft:oak_planks":72,"minecraft:wooden_shovel":1,"minecraft:crafting_table":1,"minecraft:stick":12,"minecraft:wooden_pickaxe":1,"minecraft:stone_pickaxe":1,"minecraft:torch":4,"minecraft:stone_axe":1},"minecraft:used":{"minecraft:cooked_mutton":3,"minecraft:glass_bottle":2,"minecraft:stone_pickaxe":66,"minecraft:wooden_pickaxe":3,"byg:pine_sapling":1,"minecraft:iron_sword":1,"toughasnails:water_canteen":22,"minecraft:stone_axe":65,"minecraft:torch":1,"minecraft:dirt":3,"minecraft:potion":2,"minecraft:crafting_table":3,"toughasnails:purified_water_bottle":1,"toughasnails:empty_canteen":1,"toughasnails:purified_water_canteen":2,"minecraft:oak_boat":2}},"DataVersion":2586}