{"stats":{"minecraft:dropped":{"byg:pine_sapling":1},"minecraft:picked_up":{"minecraft:crafting_table":2,"minecraft:leather":3,"minecraft:torch":1,"minecraft:lily_pad":5,"minecraft:oak_log":18,"minecraft:spruce_sapling":1,"minecraft:brewing_stand":1,"minecraft:spruce_log":2,"minecraft:dirt":5,"byg:pine_sapling":7,"byg:pine_log":7,"minecraft:wheat_seeds":2,"minecraft:beef":4,"minecraft:oak_boat":1,"minecraft:poppy":1,"minecraft:black_wool":1,"minecraft:acacia_sapling":1,"minecraft:mutton":3,"minecraft:coal":53,"byg:blue_spruce_sapling":1,"minecraft:white_wool":1,"minecraft:cobblestone":14},"minecraft:custom":{"minecraft:time_since_rest":115912,"minecraft:sprint_one_cm":598715,"minecraft:damage_taken":435,"minecraft:walk_one_cm":158962,"minecraft:mob_kills":6,"minecraft:drop":1,"minecraft:damage_dealt":565,"minecraft:swim_one_cm":13145,"minecraft:interact_with_crafting_table":6,"minecraft:fly_one_cm":859798,"minecraft:open_chest":2,"minecraft:play_one_minute":290160,"minecraft:crouch_one_cm":643,"minecraft:deaths":9,"minecraft:sneak_time":1795,"minecraft:walk_under_water_one_cm":9186,"minecraft:boat_one_cm":13276,"minecraft:jump":1647,"minecraft:leave_game":14,"minecraft:time_since_death":115882,"minecraft:walk_on_water_one_cm":20521,"minecraft:climb_one_cm":5568,"minecraft:fall_one_cm":11829},"minecraft:killed":{"minecraft:sheep":2,"minecraft:squid":1,"minecraft:cow":3},"minecraft:mined":{"minecraft:spruce_log":2,"byg:short_grass":1,"minecraft:brewing_stand":1,"byg:pine_log":7,"minecraft:crafting_table":2,"minecraft:grass":4,"minecraft:grass_block":2,"minecraft:oak_log":18,"minecraft:coal_ore":54,"minecraft:poppy":1,"minecraft:stone":14},"minecraft:crafted":{"minecraft:oak_boat":1,"minecraft:oak_planks":72,"minecraft:wooden_shovel":1,"minecraft:crafting_table":1,"minecraft:stick":12,"minecraft:wooden_pickaxe":1,"minecraft:stone_pickaxe":1,"minecraft:torch":4,"minecraft:stone_axe":1},"minecraft:used":{"minecraft:cooked_mutton":3,"minecraft:glass_bottle":2,"minecraft:stone_pickaxe":66,"minecraft:wooden_pickaxe":3,"byg:pine_sapling":1,"toughasnails:water_canteen":22,"minecraft:stone_axe":34,"minecraft:dirt":3,"minecraft:potion":2,"minecraft:crafting_table":3,"toughasnails:purified_water_bottle":1,"toughasnails:empty_canteen":1,"toughasnails:purified_water_canteen":2,"minecraft:oak_boat":1}},"DataVersion":2586}