{"stats":{"minecraft:picked_up":{"toughasnails:empty_canteen":1,"byg:aspen_log":7,"minecraft:sand":5,"minecraft:oak_log":3,"minecraft:dirt":3},"minecraft:custom":{"minecraft:time_since_rest":19482,"minecraft:crouch_one_cm":1,"minecraft:play_one_minute":19482,"minecraft:damage_taken":10,"minecraft:walk_one_cm":14457,"minecraft:sneak_time":14,"minecraft:walk_under_water_one_cm":873,"minecraft:jump":40,"minecraft:leave_game":1,"minecraft:walk_on_water_one_cm":1469,"minecraft:time_since_death":19482,"minecraft:fall_one_cm":544,"minecraft:fly_one_cm":359},"minecraft:mined":{"minecraft:grass":1,"minecraft:grass_block":1,"minecraft:oak_log":4,"byg:aspen_log":7,"minecraft:sand":5,"minecraft:dirt":2,"byg:aspen_leaves":1,"minecraft:oak_planks":1},"minecraft:crafted":{"minecraft:oak_planks":12,"byg:aspen_planks":28},"minecraft:used":{"minecraft:oak_planks":2}},"DataVersion":2586}