{"stats":{"minecraft:used":{"minecraft:oak_planks":2},"minecraft:mined":{"minecraft:grass":1,"minecraft:grass_block":1,"minecraft:oak_log":4,"byg:aspen_log":7,"minecraft:sand":5,"minecraft:dirt":2,"byg:aspen_leaves":1},"minecraft:crafted":{"minecraft:oak_planks":12},"minecraft:picked_up":{"toughasnails:empty_canteen":1,"byg:aspen_log":7,"minecraft:sand":5,"minecraft:oak_log":3,"minecraft:dirt":3},"minecraft:custom":{"minecraft:time_since_rest":15627,"minecraft:play_one_minute":15627,"minecraft:crouch_one_cm":1,"minecraft:damage_taken":10,"minecraft:walk_one_cm":14436,"minecraft:sneak_time":14,"minecraft:walk_under_water_one_cm":873,"minecraft:jump":38,"minecraft:leave_game":1,"minecraft:time_since_death":15627,"minecraft:walk_on_water_one_cm":1469,"minecraft:fall_one_cm":544,"minecraft:fly_one_cm":359}},"DataVersion":2586}