{"stats":{"minecraft:dropped":{"byg:aspen_planks":1},"minecraft:picked_up":{"minecraft:crafting_table":4,"minecraft:torch":1,"minecraft:sand":6,"minecraft:oak_log":3,"minecraft:white_bed":2,"minecraft:spruce_log":1,"byg:dacite_cobblestone":3,"minecraft:mossy_cobblestone":1,"minecraft:dirt":5,"byg:horseweed":1,"toughasnails:empty_canteen":1,"byg:winter_succulent":1,"minecraft:zombie_head":1,"byg:scoria_cobblestone":1,"byg:pine_log":7,"byg:aspen_log":13,"byg:aspen_planks":2,"minecraft:mutton":3,"minecraft:oak_planks":2,"minecraft:coal":7,"minecraft:white_wool":3,"minecraft:cobblestone":22},"minecraft:custom":{"minecraft:time_since_rest":5006,"minecraft:sprint_one_cm":18621,"minecraft:damage_taken":70,"minecraft:walk_one_cm":60893,"minecraft:mob_kills":3,"minecraft:drop":1,"minecraft:damage_dealt":240,"minecraft:swim_one_cm":799,"minecraft:interact_with_crafting_table":4,"minecraft:fly_one_cm":17542,"minecraft:open_chest":1,"minecraft:play_one_minute":43482,"minecraft:crouch_one_cm":98,"minecraft:walk_under_water_one_cm":927,"minecraft:sneak_time":75,"minecraft:jump":260,"minecraft:leave_game":1,"minecraft:time_since_death":43482,"minecraft:walk_on_water_one_cm":4022,"minecraft:sleep_in_bed":1,"minecraft:fall_one_cm":2922},"minecraft:killed":{"minecraft:sheep":3},"minecraft:mined":{"byg:dacite":3,"byg:scoria_stone":1,"minecraft:white_bed":1,"byg:aspen_planks":1,"minecraft:mossy_cobblestone":1,"byg:horseweed":1,"minecraft:spruce_log":1,"minecraft:torch":1,"byg:pine_log":7,"minecraft:crafting_table":3,"minecraft:grass":2,"minecraft:grass_block":1,"minecraft:coal_ore":7,"minecraft:oak_log":4,"byg:aspen_log":14,"minecraft:zombie_head":1,"minecraft:dirt":4,"minecraft:sand":6,"byg:aspen_leaves":1,"minecraft:cobblestone":2,"minecraft:spruce_leaves":8,"minecraft:stone":20,"minecraft:oak_planks":2,"byg:winter_succulent":1,"minecraft:spawner":3},"minecraft:crafted":{"minecraft:oak_planks":12,"minecraft:crafting_table":1,"minecraft:stone_pickaxe":1,"minecraft:stick":40,"minecraft:wooden_pickaxe":1,"minecraft:wooden_axe":1,"minecraft:white_bed":1,"minecraft:torch":4,"minecraft:stone_axe":1,"byg:aspen_planks":52},"minecraft:used":{"minecraft:wooden_axe":26,"minecraft:stone_pickaxe":11,"minecraft:oak_planks":2,"minecraft:wooden_pickaxe":29,"minecraft:torch":4,"minecraft:dirt":5,"minecraft:sand":1,"minecraft:crafting_table":3,"byg:dacite_cobblestone":3,"byg:aspen_planks":31,"minecraft:white_bed":2}},"DataVersion":2586}