{"stats":{"minecraft:mined":{"byg:stripped_zelkova_log":2,"byg:zelkova_planks":14,"minecraft:white_bed":3,"byg:aspen_planks":1,"minecraft:mossy_cobblestone":2,"byg:zelkova_log":83,"byg:cattail":1,"minecraft:granite":3,"minecraft:grass_block":6,"byg:aspen_log":14,"minecraft:spruce_leaves":8,"byg:zelkova_leaves":22,"byg:winter_succulent":1,"minecraft:spawner":12,"minecraft:large_fern":2,"minecraft:smooth_stone":1,"byg:crocus":1,"minecraft:furnace":1,"minecraft:iron_ore":27,"minecraft:fire":1,"minecraft:andesite":1,"minecraft:lantern":1,"minecraft:stone":59,"byg:dacite":3,"byg:orange_oak_leaves":2,"minecraft:crafting_table":6,"minecraft:torch":5,"minecraft:poppy":3,"minecraft:chest":3,"minecraft:cobblestone":2,"minecraft:oak_planks":2,"minecraft:sugar_cane":3,"minecraft:wall_torch":1,"byg:pink_anemone":1,"byg:pine_planks":5,"byg:soapstone":1,"minecraft:coarse_dirt":1,"byg:scoria_stone":1,"byg:horseweed":1,"minecraft:sweet_berry_bush":3,"minecraft:spruce_log":1,"byg:short_grass":42,"byg:leaf_pile":6,"minecraft:smooth_stone_slab":10,"byg:pine_log":7,"minecraft:grass":418,"minecraft:coal_ore":34,"minecraft:oak_log":21,"minecraft:zombie_head":1,"minecraft:gravel":25,"minecraft:dirt":19,"minecraft:sand":7,"byg:aspen_leaves":1,"minecraft:cracked_stone_bricks":1,"minecraft:stone_bricks":6,"minecraft:polished_andesite":1,"minecraft:fern":2},"minecraft:picked_up":{"minecraft:coarse_dirt":1,"minecraft:crafting_table":8,"byg:soapstone":1,"minecraft:enchanted_book":7,"minecraft:golden_shovel":2,"minecraft:golden_sword":1,"byg:horseweed":1,"byg:winter_succulent":1,"minecraft:smooth_stone_slab":18,"minecraft:flint_and_steel":1,"minecraft:zombie_head":1,"minecraft:experience_bottle":8,"byg:pine_log":7,"byg:zelkova_log":79,"minecraft:poppy":9,"minecraft:sugar_cane":4,"minecraft:chest":4,"byg:orange_oak_sapling":1,"minecraft:furnace":1,"byg:zelkova_planks":103,"minecraft:torch":5,"minecraft:fire_charge":2,"minecraft:golden_axe":2,"minecraft:carrot":4,"minecraft:stone_sword":2,"minecraft:rotten_flesh":5,"byg:aspen_planks":2,"minecraft:mutton":9,"minecraft:white_wool":3,"minecraft:cobblestone":42,"byg:stripped_zelkova_log":2,"minecraft:andesite":1,"minecraft:potato":4,"minecraft:flint":3,"minecraft:oak_log":14,"byg:dacite_cobblestone":3,"mca:book_romance":2,"minecraft:dirt":19,"byg:scoria_cobblestone":1,"minecraft:wheat_seeds":69,"minecraft:stone_pickaxe":1,"minecraft:iron_ore":26,"minecraft:oak_planks":2,"minecraft:sweet_berries":7,"minecraft:gravel":16,"minecraft:sand":10,"minecraft:spruce_log":1,"minecraft:white_bed":5,"minecraft:dead_bush":2,"minecraft:mossy_cobblestone":1,"minecraft:polished_andesite":1,"byg:aspen_log":13,"minecraft:diamond":2,"minecraft:stone_axe":2,"minecraft:diamond_axe":1,"minecraft:bone_meal":26,"minecraft:golden_apple":2,"minecraft:emerald":8,"byg:pine_planks":4,"minecraft:coal":111,"minecraft:wooden_axe":1},"minecraft:broken":{"minecraft:golden_shovel":1},"minecraft:used":{"minecraft:flint_and_steel":4,"byg:stripped_zelkova_log":1,"minecraft:chest":3,"minecraft:shield":26,"byg:pine_planks":30,"minecraft:rotten_flesh":1,"minecraft:torch":58,"minecraft:dirt":12,"byg:aspen_planks":32,"minecraft:golden_shovel":32,"minecraft:wooden_axe":28,"minecraft:golden_carrot":1,"minecraft:sweet_berries":7,"minecraft:furnace":2,"byg:dacite_cobblestone":3,"minecraft:water_bucket":14,"minecraft:stone_pickaxe":103,"minecraft:oak_planks":2,"minecraft:wooden_pickaxe":59,"minecraft:diamond_axe":179,"minecraft:golden_apple":1,"minecraft:sand":6,"minecraft:crafting_table":7,"minecraft:white_bed":4,"minecraft:oak_log":3,"byg:zelkova_log":28,"minecraft:iron_pickaxe":13,"byg:zelkova_planks":48,"minecraft:stone_axe":1,"minecraft:cobblestone":26,"byg:zelkova_crafting_table":1,"minecraft:bucket":14,"minecraft:smooth_stone_slab":6,"minecraft:coarse_dirt":1,"minecraft:experience_bottle":3},"minecraft:crafted":{"minecraft:golden_carrot":1,"minecraft:oak_planks":12,"byg:zelkova_planks":64,"minecraft:furnace":1,"byg:pine_planks":28,"minecraft:cooked_mutton":3,"minecraft:stone_pickaxe":1,"minecraft:chest":1,"minecraft:crafting_table":1,"minecraft:wooden_pickaxe":1,"byg:zelkova_crafting_table":1,"minecraft:bucket":1,"minecraft:stone_axe":1,"minecraft:air":0,"minecraft:gold_nugget":18,"minecraft:shield":1,"minecraft:stick":40,"minecraft:iron_ingot":26,"minecraft:iron_pickaxe":1,"minecraft:wooden_axe":1,"minecraft:white_bed":1,"minecraft:torch":48,"byg:aspen_planks":52},"minecraft:dropped":{"minecraft:cobblestone":2,"byg:aspen_planks":1,"minecraft:flint":3,"minecraft:dead_bush":1,"minecraft:sand":1,"minecraft:sugar_cane":1,"minecraft:andesite":1,"minecraft:wooden_pickaxe":1},"minecraft:custom":{"minecraft:mob_kills":5,"minecraft:interact_with_crafting_table":17,"minecraft:leave_game":5,"minecraft:time_since_death":8725,"minecraft:sprint_one_cm":110575,"minecraft:walk_one_cm":279381,"minecraft:damage_blocked_by_shield":375,"minecraft:drop":11,"minecraft:deaths":6,"minecraft:sneak_time":2081,"minecraft:walk_under_water_one_cm":2940,"minecraft:jump":1694,"minecraft:walk_on_water_one_cm":27872,"minecraft:interact_with_furnace":10,"minecraft:play_one_minute":173748,"minecraft:sleep_in_bed":4,"minecraft:time_since_rest":485,"minecraft:damage_taken":1357,"minecraft:damage_dealt":954,"minecraft:swim_one_cm":10329,"minecraft:fly_one_cm":218553,"minecraft:open_chest":19,"minecraft:crouch_one_cm":2959,"minecraft:fall_one_cm":36497},"minecraft:killed":{"minecraft:sheep":3,"minecraft:zombie":2},"minecraft:killed_by":{"minecraft:drowned":1,"minecraft:zombie":4}},"DataVersion":2586}