{"stats":{"minecraft:used":{"minecraft:stone_pickaxe":22,"minecraft:oak_planks":2,"minecraft:chest":1,"minecraft:wooden_pickaxe":59,"byg:pine_planks":28,"minecraft:diamond_axe":34,"minecraft:torch":13,"minecraft:dirt":7,"minecraft:sand":6,"minecraft:crafting_table":4,"minecraft:white_bed":2,"byg:aspen_planks":32,"minecraft:wooden_axe":28,"byg:zelkova_log":11,"byg:zelkova_planks":2,"minecraft:cobblestone":23,"byg:dacite_cobblestone":3,"minecraft:coarse_dirt":1},"minecraft:crafted":{"minecraft:oak_planks":12,"minecraft:crafting_table":1,"minecraft:wooden_pickaxe":1,"byg:zelkova_planks":64,"byg:pine_planks":28,"minecraft:stone_axe":1,"minecraft:stick":40,"minecraft:stone_pickaxe":1,"minecraft:wooden_axe":1,"minecraft:chest":1,"minecraft:white_bed":1,"minecraft:torch":4,"byg:aspen_planks":52},"minecraft:killed":{"minecraft:sheep":3},"minecraft:killed_by":{"minecraft:zombie":2},"minecraft:picked_up":{"minecraft:coarse_dirt":1,"minecraft:crafting_table":5,"byg:stripped_zelkova_log":1,"minecraft:potato":2,"minecraft:enchanted_book":3,"minecraft:golden_shovel":1,"minecraft:oak_log":3,"minecraft:golden_sword":1,"mca:book_romance":1,"byg:dacite_cobblestone":3,"byg:horseweed":1,"minecraft:dirt":7,"minecraft:flint_and_steel":1,"byg:winter_succulent":1,"minecraft:smooth_stone_slab":12,"minecraft:zombie_head":1,"byg:scoria_cobblestone":1,"minecraft:experience_bottle":5,"byg:pine_log":7,"minecraft:wheat_seeds":8,"byg:zelkova_log":27,"minecraft:stone_pickaxe":1,"minecraft:chest":3,"minecraft:oak_planks":2,"byg:zelkova_planks":54,"minecraft:torch":4,"minecraft:fire_charge":1,"minecraft:sand":9,"minecraft:golden_axe":1,"minecraft:carrot":2,"minecraft:spruce_log":1,"minecraft:white_bed":2,"minecraft:dead_bush":2,"minecraft:mossy_cobblestone":1,"minecraft:polished_andesite":1,"minecraft:stone_sword":1,"minecraft:stone_axe":1,"minecraft:rotten_flesh":4,"minecraft:diamond":2,"byg:aspen_log":13,"byg:aspen_planks":2,"minecraft:diamond_axe":1,"minecraft:bone_meal":13,"minecraft:golden_apple":1,"minecraft:emerald":4,"byg:pine_planks":2,"minecraft:mutton":6,"minecraft:coal":29,"minecraft:white_wool":3,"minecraft:cobblestone":29},"minecraft:mined":{"byg:dacite":3,"byg:stripped_zelkova_log":1,"minecraft:white_bed":1,"byg:aspen_planks":1,"minecraft:mossy_cobblestone":2,"minecraft:crafting_table":4,"byg:zelkova_log":27,"minecraft:torch":3,"minecraft:granite":2,"minecraft:grass_block":1,"byg:aspen_log":14,"minecraft:chest":2,"minecraft:cobblestone":2,"minecraft:spruce_leaves":8,"byg:zelkova_leaves":1,"minecraft:oak_planks":2,"byg:winter_succulent":1,"minecraft:wall_torch":1,"minecraft:spawner":12,"minecraft:large_fern":2,"minecraft:smooth_stone":1,"byg:pine_planks":2,"minecraft:coarse_dirt":1,"byg:scoria_stone":1,"byg:horseweed":1,"minecraft:spruce_log":1,"byg:pine_log":7,"minecraft:smooth_stone_slab":7,"minecraft:grass":2,"minecraft:oak_log":4,"minecraft:coal_ore":7,"minecraft:lantern":1,"minecraft:zombie_head":1,"minecraft:sand":7,"minecraft:dirt":7,"byg:aspen_leaves":1,"minecraft:cracked_stone_bricks":1,"minecraft:polished_andesite":1,"minecraft:stone_bricks":5,"minecraft:stone":27},"minecraft:dropped":{"byg:aspen_planks":1,"minecraft:dead_bush":1,"minecraft:sand":1},"minecraft:custom":{"minecraft:mob_kills":3,"minecraft:interact_with_crafting_table":6,"minecraft:play_one_minute":97732,"minecraft:leave_game":4,"minecraft:time_since_death":0,"minecraft:sleep_in_bed":2,"minecraft:time_since_rest":0,"minecraft:sprint_one_cm":34636,"minecraft:damage_taken":471,"minecraft:walk_one_cm":206247,"minecraft:drop":3,"minecraft:damage_dealt":386,"minecraft:swim_one_cm":5090,"minecraft:fly_one_cm":60833,"minecraft:open_chest":16,"minecraft:crouch_one_cm":1775,"minecraft:deaths":2,"minecraft:sneak_time":752,"minecraft:walk_under_water_one_cm":1316,"minecraft:jump":612,"minecraft:walk_on_water_one_cm":10004,"minecraft:fall_one_cm":9845}},"DataVersion":2586}