{"stats":{"minecraft:dropped":{"byg:aspen_planks":1},"minecraft:picked_up":{"minecraft:crafting_table":3,"minecraft:sand":6,"minecraft:oak_log":3,"minecraft:white_bed":1,"minecraft:spruce_log":1,"byg:dacite_cobblestone":3,"minecraft:dirt":5,"byg:horseweed":1,"toughasnails:empty_canteen":1,"byg:winter_succulent":1,"byg:pine_log":5,"byg:aspen_log":13,"byg:aspen_planks":1,"minecraft:mutton":3,"minecraft:oak_planks":2,"minecraft:coal":1,"minecraft:white_wool":3,"minecraft:cobblestone":16},"minecraft:custom":{"minecraft:time_since_rest":31482,"minecraft:sprint_one_cm":9712,"minecraft:damage_taken":10,"minecraft:walk_one_cm":26247,"minecraft:mob_kills":3,"minecraft:drop":1,"minecraft:damage_dealt":240,"minecraft:interact_with_crafting_table":3,"minecraft:fly_one_cm":10050,"minecraft:play_one_minute":31482,"minecraft:crouch_one_cm":98,"minecraft:walk_under_water_one_cm":873,"minecraft:sneak_time":75,"minecraft:jump":179,"minecraft:leave_game":1,"minecraft:time_since_death":31482,"minecraft:walk_on_water_one_cm":1678,"minecraft:fall_one_cm":753},"minecraft:killed":{"minecraft:sheep":3},"minecraft:mined":{"byg:dacite":3,"byg:horseweed":1,"minecraft:spruce_log":1,"byg:pine_log":5,"minecraft:crafting_table":2,"minecraft:grass":2,"minecraft:grass_block":1,"minecraft:coal_ore":1,"minecraft:oak_log":4,"byg:aspen_log":14,"minecraft:dirt":4,"minecraft:sand":6,"byg:aspen_leaves":1,"minecraft:spruce_leaves":8,"minecraft:stone":16,"minecraft:oak_planks":2,"byg:winter_succulent":1},"minecraft:crafted":{"minecraft:oak_planks":12,"minecraft:crafting_table":1,"minecraft:stick":4,"minecraft:wooden_pickaxe":1,"minecraft:wooden_axe":1,"minecraft:white_bed":1,"byg:aspen_planks":52},"minecraft:used":{"minecraft:wooden_axe":21,"minecraft:oak_planks":2,"minecraft:wooden_pickaxe":22,"minecraft:dirt":1,"minecraft:sand":1,"minecraft:crafting_table":2,"byg:dacite_cobblestone":3,"byg:aspen_planks":31,"minecraft:white_bed":1}},"DataVersion":2586}