{"stats":{"minecraft:dropped":{"byg:aspen_planks":1,"minecraft:dead_bush":1},"minecraft:picked_up":{"minecraft:coarse_dirt":1,"minecraft:crafting_table":4,"minecraft:oak_log":3,"byg:dacite_cobblestone":3,"byg:horseweed":1,"minecraft:dirt":7,"byg:winter_succulent":1,"minecraft:smooth_stone_slab":6,"minecraft:experience_bottle":2,"byg:scoria_cobblestone":1,"minecraft:zombie_head":1,"byg:pine_log":7,"minecraft:wheat_seeds":4,"minecraft:chest":2,"minecraft:oak_planks":2,"minecraft:torch":2,"minecraft:sand":6,"minecraft:dead_bush":2,"minecraft:white_bed":2,"minecraft:spruce_log":1,"minecraft:mossy_cobblestone":1,"toughasnails:empty_canteen":1,"minecraft:polished_andesite":1,"minecraft:rotten_flesh":4,"byg:aspen_log":13,"byg:aspen_planks":2,"minecraft:mutton":3,"minecraft:coal":7,"minecraft:white_wool":3,"minecraft:cobblestone":29},"minecraft:custom":{"minecraft:mob_kills":3,"minecraft:interact_with_crafting_table":4,"minecraft:play_one_minute":73482,"minecraft:time_since_death":73482,"minecraft:leave_game":1,"minecraft:sleep_in_bed":1,"minecraft:time_since_rest":35006,"minecraft:sprint_one_cm":30339,"minecraft:damage_taken":110,"minecraft:walk_one_cm":150625,"minecraft:drop":2,"minecraft:damage_dealt":240,"minecraft:swim_one_cm":5090,"minecraft:fly_one_cm":54761,"minecraft:open_chest":12,"minecraft:crouch_one_cm":625,"minecraft:sneak_time":319,"minecraft:walk_under_water_one_cm":1316,"minecraft:jump":490,"minecraft:walk_on_water_one_cm":10004,"minecraft:fall_one_cm":8057},"minecraft:killed":{"minecraft:sheep":3},"minecraft:mined":{"byg:dacite":3,"minecraft:white_bed":1,"byg:aspen_planks":1,"minecraft:mossy_cobblestone":2,"minecraft:crafting_table":3,"minecraft:torch":1,"minecraft:granite":2,"minecraft:grass_block":1,"byg:aspen_log":14,"minecraft:chest":1,"minecraft:cobblestone":2,"minecraft:spruce_leaves":8,"minecraft:oak_planks":2,"byg:winter_succulent":1,"minecraft:wall_torch":1,"minecraft:spawner":12,"minecraft:large_fern":2,"minecraft:smooth_stone":1,"minecraft:coarse_dirt":1,"byg:scoria_stone":1,"byg:horseweed":1,"minecraft:spruce_log":1,"byg:pine_log":7,"minecraft:smooth_stone_slab":7,"minecraft:grass":2,"minecraft:oak_log":4,"minecraft:coal_ore":7,"minecraft:lantern":1,"minecraft:zombie_head":1,"minecraft:sand":6,"minecraft:dirt":7,"byg:aspen_leaves":1,"minecraft:cracked_stone_bricks":1,"minecraft:stone_bricks":5,"minecraft:stone":27,"minecraft:polished_andesite":1},"minecraft:crafted":{"minecraft:oak_planks":12,"minecraft:crafting_table":1,"minecraft:wooden_pickaxe":1,"byg:pine_planks":28,"minecraft:stone_axe":1,"minecraft:stick":40,"minecraft:stone_pickaxe":1,"minecraft:wooden_axe":1,"minecraft:white_bed":1,"minecraft:torch":4,"byg:aspen_planks":52},"minecraft:used":{"minecraft:stone_pickaxe":22,"minecraft:oak_planks":2,"minecraft:wooden_pickaxe":59,"byg:pine_planks":14,"minecraft:torch":8,"minecraft:dirt":5,"minecraft:sand":1,"minecraft:crafting_table":3,"byg:aspen_planks":32,"minecraft:white_bed":2,"minecraft:wooden_axe":28,"minecraft:cobblestone":23,"byg:dacite_cobblestone":3,"minecraft:coarse_dirt":1}},"DataVersion":2586}