{"stats":{"minecraft:killed_by":{"zombie_extreme:night_hunter":1,"zombie_extreme:infectedperson":1,"minecraft:zombie":2},"minecraft:custom":{"minecraft:time_since_rest":8404,"minecraft:sprint_one_cm":35273,"minecraft:damage_taken":885,"minecraft:walk_one_cm":104522,"minecraft:damage_dealt":282,"minecraft:interact_with_crafting_table":5,"minecraft:fly_one_cm":63255,"minecraft:play_one_minute":45977,"minecraft:deaths":4,"minecraft:walk_under_water_one_cm":1920,"minecraft:jump":309,"minecraft:leave_game":2,"minecraft:walk_on_water_one_cm":1985,"minecraft:time_since_death":8347,"minecraft:climb_one_cm":8439,"minecraft:fall_one_cm":4854},"minecraft:broken":{"minecraft:wooden_pickaxe":1},"minecraft:picked_up":{"minecraft:birch_log":5,"minecraft:crafting_table":2,"minecraft:gravel":9,"minecraft:oak_log":6,"minecraft:dirt":12,"minecraft:stone_bricks":1,"minecraft:bamboo":42,"minecraft:birch_sapling":2,"minecraft:coal":27,"minecraft:cobblestone":34},"minecraft:crafted":{"minecraft:oak_planks":24,"minecraft:crafting_table":2,"minecraft:stick":25,"minecraft:wooden_pickaxe":2,"minecraft:stone_pickaxe":1,"minecraft:stone_sword":1,"minecraft:torch":16,"minecraft:birch_planks":20,"minecraft:stone_axe":1},"minecraft:mined":{"minecraft:light_blue_stained_glass":8,"minecraft:birch_log":5,"minecraft:crafting_table":2,"minecraft:oak_log":6,"minecraft:coal_ore":27,"minecraft:gravel":9,"minecraft:dirt":12,"minecraft:bamboo":4,"minecraft:spruce_leaves":1,"minecraft:stone":34,"minecraft:stone_bricks":1,"minecraft:oak_leaves":2},"minecraft:used":{"minecraft:stone_sword":11,"minecraft:wooden_pickaxe":84,"minecraft:gravel":3,"minecraft:stone_bricks":1,"minecraft:stone_axe":1,"minecraft:torch":1,"minecraft:crafting_table":3}},"DataVersion":2586}