{"stats":{"minecraft:killed_by":{"zombie_extreme:night_hunter":1,"zombie_extreme:infectedperson":1,"minecraft:zombie":2},"minecraft:dropped":{"minecraft:wooden_pickaxe":1},"minecraft:custom":{"minecraft:interact_with_furnace":4,"minecraft:mob_kills":5,"minecraft:interact_with_crafting_table":13,"minecraft:play_one_minute":64619,"minecraft:leave_game":3,"minecraft:time_since_death":26989,"minecraft:climb_one_cm":8439,"minecraft:time_since_rest":27046,"minecraft:sprint_one_cm":61441,"minecraft:damage_taken":955,"minecraft:walk_one_cm":140126,"minecraft:drop":1,"minecraft:damage_dealt":682,"minecraft:fly_one_cm":72865,"minecraft:deaths":4,"minecraft:walk_under_water_one_cm":1920,"minecraft:jump":417,"minecraft:walk_on_water_one_cm":2462,"minecraft:fall_one_cm":8447},"minecraft:broken":{"minecraft:stone_pickaxe":1,"minecraft:wooden_pickaxe":1},"minecraft:picked_up":{"minecraft:birch_log":5,"minecraft:crafting_table":3,"minecraft:andesite":4,"minecraft:oak_log":6,"minecraft:dirt":26,"minecraft:stone_bricks":1,"minecraft:wheat_seeds":1,"minecraft:bamboo":70,"minecraft:birch_sapling":3,"zombie_extreme:copper_ore":4,"minecraft:torch":2,"minecraft:gravel":9,"minecraft:sand":6,"minecraft:diorite":6,"byg:cherry_log":14,"minecraft:granite":8,"minecraft:mutton":5,"minecraft:coal":28,"byg:rocky_stone":11,"minecraft:white_wool":5,"minecraft:cobblestone":112},"minecraft:mined":{"zombie_extreme:copper_ore":4,"byg:cherry_log":14,"minecraft:crafting_table":3,"minecraft:torch":1,"minecraft:granite":8,"minecraft:grass_block":3,"minecraft:spruce_leaves":1,"minecraft:diorite":6,"minecraft:wall_torch":1,"minecraft:light_blue_stained_glass":8,"minecraft:birch_sapling":1,"minecraft:birch_log":5,"minecraft:andesite":4,"minecraft:grass":4,"minecraft:coal_ore":28,"minecraft:oak_log":6,"minecraft:dirt":23,"minecraft:gravel":9,"minecraft:sand":7,"byg:rocky_stone":11,"minecraft:bamboo":7,"minecraft:stone_bricks":1,"minecraft:stone":112,"minecraft:oak_leaves":2},"minecraft:crafted":{"minecraft:oak_planks":24,"minecraft:crafting_table":3,"minecraft:wooden_pickaxe":2,"minecraft:furnace":2,"minecraft:birch_planks":20,"minecraft:stone_axe":2,"zombie_extreme:copper_ignot":3,"minecraft:cooked_mutton":5,"minecraft:wooden_hoe":1,"minecraft:stick":39,"minecraft:stone_pickaxe":2,"minecraft:stone_sword":2,"minecraft:white_bed":1,"minecraft:torch":16},"minecraft:used":{"minecraft:wheat_seeds":1,"minecraft:stone_sword":33,"minecraft:stone_pickaxe":131,"minecraft:wooden_pickaxe":84,"minecraft:torch":12,"minecraft:dirt":10,"minecraft:crafting_table":5,"minecraft:white_bed":1,"minecraft:wooden_hoe":1,"minecraft:birch_sapling":3,"minecraft:gravel":3,"minecraft:stone_bricks":1,"minecraft:stone_axe":19,"minecraft:furnace":2},"minecraft:killed":{"minecraft:sheep":5}},"DataVersion":2586}