{"stats":{"minecraft:killed_by":{"zombie_extreme:night_hunter":1,"zombie_extreme:infectedperson":1,"minecraft:zombie":2},"minecraft:dropped":{"minecraft:wooden_pickaxe":1},"minecraft:custom":{"minecraft:time_since_rest":20404,"minecraft:interact_with_furnace":1,"minecraft:sprint_one_cm":60493,"minecraft:damage_taken":955,"minecraft:walk_one_cm":135235,"minecraft:mob_kills":5,"minecraft:drop":1,"minecraft:damage_dealt":682,"minecraft:interact_with_crafting_table":11,"minecraft:fly_one_cm":72865,"minecraft:play_one_minute":57977,"minecraft:deaths":4,"minecraft:walk_under_water_one_cm":1920,"minecraft:jump":412,"minecraft:leave_game":2,"minecraft:walk_on_water_one_cm":2462,"minecraft:time_since_death":20347,"minecraft:climb_one_cm":8439,"minecraft:fall_one_cm":8447},"minecraft:broken":{"minecraft:wooden_pickaxe":1},"minecraft:picked_up":{"minecraft:birch_log":5,"minecraft:crafting_table":3,"minecraft:andesite":4,"minecraft:gravel":9,"minecraft:sand":6,"minecraft:oak_log":6,"minecraft:dirt":26,"minecraft:stone_bricks":1,"byg:cherry_log":14,"minecraft:wheat_seeds":1,"minecraft:bamboo":70,"minecraft:mutton":5,"minecraft:birch_sapling":3,"minecraft:coal":27,"minecraft:white_wool":5,"zombie_extreme:copper_ore":4,"minecraft:cobblestone":39},"minecraft:crafted":{"minecraft:oak_planks":24,"minecraft:wooden_hoe":1,"minecraft:crafting_table":2,"minecraft:stick":39,"minecraft:wooden_pickaxe":2,"minecraft:stone_pickaxe":2,"minecraft:stone_sword":2,"minecraft:furnace":1,"minecraft:white_bed":1,"minecraft:torch":16,"minecraft:birch_planks":20,"minecraft:stone_axe":2},"minecraft:mined":{"minecraft:light_blue_stained_glass":8,"minecraft:birch_log":5,"minecraft:andesite":4,"zombie_extreme:copper_ore":4,"byg:cherry_log":14,"minecraft:crafting_table":3,"minecraft:grass":4,"minecraft:grass_block":3,"minecraft:oak_log":6,"minecraft:coal_ore":27,"minecraft:sand":7,"minecraft:gravel":9,"minecraft:dirt":23,"minecraft:bamboo":7,"minecraft:spruce_leaves":1,"minecraft:stone":39,"minecraft:stone_bricks":1,"minecraft:oak_leaves":2,"minecraft:birch_sapling":1},"minecraft:used":{"minecraft:wooden_hoe":1,"minecraft:stone_sword":33,"minecraft:stone_pickaxe":32,"minecraft:birch_sapling":3,"minecraft:wooden_pickaxe":84,"minecraft:gravel":3,"minecraft:stone_bricks":1,"minecraft:stone_axe":19,"minecraft:torch":7,"minecraft:dirt":10,"minecraft:crafting_table":4,"minecraft:furnace":1,"minecraft:white_bed":1},"minecraft:killed":{"minecraft:sheep":5}},"DataVersion":2586}