{"stats":{"minecraft:used":{"minecraft:wooden_axe":18,"minecraft:dirt":1,"byg:zelkova_crafting_table":2},"minecraft:mined":{"minecraft:large_fern":3,"minecraft:grass":1,"minecraft:grass_block":1,"byg:zelkova_crafting_table":1,"byg:zelkova_log":23},"minecraft:crafted":{"byg:zelkova_crafting_table":1,"minecraft:wooden_sword":1,"minecraft:wooden_shovel":1,"byg:zelkova_boat":1,"minecraft:stick":8,"minecraft:wooden_pickaxe":1,"byg:zelkova_planks":28,"minecraft:wooden_axe":1},"minecraft:picked_up":{"byg:zelkova_crafting_table":1,"minecraft:wheat_seeds":1,"byg:zelkova_log":23,"minecraft:dirt":1},"minecraft:custom":{"minecraft:time_since_rest":14656,"minecraft:play_one_minute":14656,"minecraft:sprint_one_cm":5075,"minecraft:damage_taken":10,"minecraft:walk_one_cm":22417,"minecraft:sneak_time":9,"minecraft:jump":55,"minecraft:damage_dealt":10,"minecraft:time_since_death":14656,"minecraft:climb_one_cm":612,"minecraft:fall_one_cm":953,"minecraft:interact_with_crafting_table":3,"minecraft:fly_one_cm":1748}},"DataVersion":2586}