{"stats":{"minecraft:used":{"minecraft:wooden_axe":19,"minecraft:iron_axe":1,"minecraft:stone_pickaxe":131,"minecraft:iron_pickaxe":170,"minecraft:wooden_pickaxe":15,"minecraft:stone_axe":12,"minecraft:torch":11,"minecraft:dirt":1,"minecraft:cobblestone":16,"minecraft:furnace":3,"byg:zelkova_crafting_table":5,"minecraft:andesite":7,"byg:zelkova_boat":1},"minecraft:killed":{"minecraft:sheep":1},"minecraft:broken":{"minecraft:stone_pickaxe":1},"minecraft:mined":{"minecraft:large_fern":3,"byg:zelkova_crafting_table":5,"minecraft:furnace":3,"zombie_extreme:oreradium":2,"minecraft:iron_ore":23,"minecraft:andesite":14,"zombie_extreme:copper_ore":6,"byg:zelkova_log":42,"minecraft:granite":14,"minecraft:grass":1,"minecraft:grass_block":2,"minecraft:coal_ore":113,"minecraft:dirt":4,"minecraft:cobblestone":2,"byg:rocky_stone":1,"minecraft:lapis_ore":6,"minecraft:stone":129,"minecraft:gold_ore":3},"minecraft:killed_by":{"minecraft:drowned":1},"minecraft:crafted":{"minecraft:wooden_sword":1,"minecraft:wooden_shovel":1,"minecraft:stone_shovel":1,"minecraft:charcoal":5,"minecraft:iron_axe":1,"minecraft:stick":32,"minecraft:iron_pickaxe":1,"minecraft:iron_ingot":12,"minecraft:wooden_pickaxe":2,"byg:zelkova_planks":68,"minecraft:stone_pickaxe":1,"minecraft:wooden_axe":1,"byg:zelkova_crafting_table":2,"minecraft:furnace":1,"minecraft:torch":16,"minecraft:stone_axe":1,"byg:zelkova_boat":1},"minecraft:picked_up":{"minecraft:charcoal":3,"minecraft:andesite":14,"zombie_extreme:oreradium":2,"minecraft:gravel":3,"byg:tiny_lilypads":10,"minecraft:lily_pad":28,"minecraft:lapis_lazuli":41,"minecraft:gold_ore":3,"minecraft:dirt":6,"byg:zelkova_crafting_table":5,"minecraft:wheat_seeds":1,"byg:zelkova_log":42,"minecraft:granite":14,"minecraft:iron_ingot":1,"minecraft:iron_ore":23,"minecraft:mutton":1,"byg:rocky_stone":1,"minecraft:coal":112,"zombie_extreme:copper_ore":6,"minecraft:white_wool":1,"minecraft:cobblestone":120,"minecraft:furnace":3},"minecraft:custom":{"minecraft:time_since_rest":33629,"minecraft:interact_with_furnace":9,"minecraft:sprint_one_cm":7129,"minecraft:damage_taken":215,"minecraft:walk_one_cm":64138,"minecraft:mob_kills":1,"minecraft:damage_dealt":90,"minecraft:interact_with_crafting_table":8,"minecraft:fly_one_cm":2588,"minecraft:crouch_one_cm":1390,"minecraft:play_one_minute":50656,"minecraft:deaths":1,"minecraft:sneak_time":1343,"minecraft:walk_under_water_one_cm":1896,"minecraft:boat_one_cm":69303,"minecraft:jump":129,"minecraft:walk_on_water_one_cm":1424,"minecraft:time_since_death":33521,"minecraft:climb_one_cm":1191,"minecraft:fall_one_cm":2842}},"DataVersion":2586}