{"stats":{"minecraft:killed_by":{"minecraft:drowned":1},"minecraft:picked_up":{"minecraft:charcoal":3,"byg:soapstone":12,"minecraft:andesite":28,"byg:tiny_lilypads":10,"minecraft:lily_pad":28,"minecraft:lapis_lazuli":71,"minecraft:dirt":6,"byg:scoria_cobblestone":15,"byg:zelkova_crafting_table":8,"minecraft:wheat_seeds":1,"byg:zelkova_log":42,"minecraft:iron_ingot":8,"minecraft:iron_ore":87,"zombie_extreme:copper_ore":6,"minecraft:furnace":5,"zombie_extreme:ruby":9,"zombie_extreme:oreradium":4,"minecraft:gravel":6,"minecraft:diorite":1,"minecraft:gold_ore":11,"minecraft:redstone":125,"minecraft:diamond":2,"minecraft:granite":21,"minecraft:mutton":1,"minecraft:coal":212,"byg:rocky_stone":15,"minecraft:white_wool":1,"minecraft:cobblestone":408},"minecraft:dropped":{"minecraft:gravel":3},"minecraft:custom":{"minecraft:interact_with_furnace":23,"minecraft:mob_kills":1,"minecraft:interact_with_crafting_table":12,"minecraft:play_one_minute":89450,"minecraft:leave_game":1,"minecraft:time_since_death":72315,"minecraft:climb_one_cm":1191,"minecraft:time_since_rest":72423,"minecraft:sprint_one_cm":16203,"minecraft:damage_taken":235,"minecraft:walk_one_cm":127221,"minecraft:drop":1,"minecraft:damage_dealt":90,"minecraft:fly_one_cm":5300,"minecraft:open_chest":7,"minecraft:crouch_one_cm":5146,"minecraft:deaths":1,"minecraft:sneak_time":4398,"minecraft:walk_under_water_one_cm":1896,"minecraft:boat_one_cm":69303,"minecraft:jump":234,"minecraft:walk_on_water_one_cm":1424,"minecraft:fall_one_cm":3746},"minecraft:killed":{"minecraft:sheep":1},"minecraft:broken":{"minecraft:stone_pickaxe":1,"minecraft:iron_pickaxe":2},"minecraft:mined":{"minecraft:diamond_ore":2,"zombie_extreme:copper_ore":6,"byg:zelkova_log":42,"minecraft:granite":21,"minecraft:grass_block":2,"minecraft:cobblestone":2,"minecraft:lapis_ore":10,"minecraft:diorite":2,"minecraft:large_fern":3,"zombie_extreme:rubyore":9,"byg:soapstone":12,"byg:zelkova_crafting_table":8,"minecraft:redstone_ore":28,"byg:scoria_stone":15,"minecraft:furnace":5,"zombie_extreme:oreradium":4,"minecraft:iron_ore":88,"minecraft:andesite":28,"minecraft:grass":1,"minecraft:coal_ore":152,"minecraft:dirt":4,"byg:rocky_stone":15,"minecraft:stone":421,"minecraft:gold_ore":11},"minecraft:crafted":{"minecraft:wooden_sword":1,"minecraft:wooden_shovel":1,"minecraft:stone_shovel":1,"minecraft:wooden_pickaxe":2,"byg:zelkova_planks":84,"minecraft:iron_helmet":1,"byg:zelkova_crafting_table":2,"minecraft:furnace":1,"byg:zelkova_boat":1,"minecraft:stone_axe":1,"minecraft:iron_boots":1,"minecraft:iron_chestplate":1,"minecraft:charcoal":5,"minecraft:iron_axe":1,"minecraft:stick":40,"minecraft:iron_ingot":72,"minecraft:iron_pickaxe":3,"minecraft:stone_pickaxe":1,"minecraft:wooden_axe":1,"minecraft:chest":2,"minecraft:iron_leggings":1,"minecraft:torch":40},"minecraft:used":{"minecraft:stone_pickaxe":131,"minecraft:chest":2,"minecraft:wooden_pickaxe":15,"byg:rocky_stone":8,"minecraft:torch":28,"minecraft:dirt":1,"minecraft:wooden_axe":19,"minecraft:iron_axe":4,"minecraft:iron_pickaxe":685,"minecraft:stone_axe":12,"minecraft:cobblestone":88,"minecraft:furnace":6,"byg:zelkova_crafting_table":9,"minecraft:andesite":7,"byg:zelkova_boat":1}},"DataVersion":2586}