{"stats":{"minecraft:mined":{"minecraft:diamond_ore":2,"zombie_extreme:copper_ore":6,"minecraft:crafting_table":1,"byg:zelkova_log":67,"minecraft:torch":12,"minecraft:granite":21,"minecraft:grass_block":3,"minecraft:chest":2,"minecraft:cobblestone":2,"byg:zelkova_leaves":18,"minecraft:lapis_ore":10,"minecraft:diorite":6,"minecraft:large_fern":3,"zombie_extreme:rubyore":9,"byg:zelkova_crafting_table":12,"byg:soapstone":18,"minecraft:redstone_ore":28,"byg:scoria_stone":15,"minecraft:furnace":6,"zombie_extreme:oreradium":4,"minecraft:iron_ore":105,"minecraft:andesite":33,"minecraft:smooth_stone_slab":1,"minecraft:grass":1,"minecraft:coal_ore":152,"minecraft:dirt":7,"byg:rocky_stone":15,"minecraft:stone_bricks":1,"minecraft:stone":462,"minecraft:gold_ore":11},"minecraft:picked_up":{"minecraft:crafting_table":1,"minecraft:charcoal":3,"byg:soapstone":18,"minecraft:andesite":35,"byg:tiny_lilypads":10,"minecraft:lily_pad":28,"minecraft:lapis_lazuli":71,"minecraft:dirt":10,"byg:scoria_cobblestone":15,"byg:zelkova_crafting_table":12,"minecraft:wheat_seeds":1,"byg:zelkova_log":67,"minecraft:iron_ingot":8,"minecraft:iron_ore":104,"minecraft:chest":2,"zombie_extreme:copper_ore":6,"minecraft:furnace":6,"zombie_extreme:ruby":9,"minecraft:stick":2,"zombie_extreme:oreradium":4,"minecraft:torch":12,"minecraft:gravel":6,"minecraft:diorite":4,"minecraft:redstone":125,"minecraft:gold_ore":11,"minecraft:diamond":2,"minecraft:granite":42,"minecraft:mutton":2,"minecraft:coal":212,"byg:rocky_stone":22,"minecraft:white_wool":1,"minecraft:cobblestone":449},"minecraft:used":{"minecraft:stone_pickaxe":131,"minecraft:wooden_pickaxe":15,"minecraft:chest":2,"minecraft:shield":4,"byg:rocky_stone":8,"minecraft:torch":41,"minecraft:dirt":2,"minecraft:wooden_axe":30,"byg:zelkova_log":14,"minecraft:iron_axe":10,"minecraft:iron_pickaxe":767,"minecraft:gravel":3,"minecraft:stone_axe":12,"minecraft:cobblestone":141,"minecraft:furnace":6,"byg:zelkova_crafting_table":12,"minecraft:andesite":7,"byg:zelkova_boat":1},"minecraft:crafted":{"minecraft:wooden_sword":1,"minecraft:wooden_shovel":1,"minecraft:stone_shovel":1,"minecraft:wooden_pickaxe":3,"byg:zelkova_planks":96,"minecraft:iron_helmet":1,"byg:zelkova_crafting_table":3,"minecraft:furnace":1,"byg:zelkova_boat":1,"minecraft:stone_axe":1,"minecraft:iron_boots":1,"minecraft:iron_chestplate":1,"minecraft:charcoal":5,"minecraft:shield":1,"minecraft:iron_axe":1,"minecraft:stick":44,"minecraft:iron_ingot":72,"minecraft:stone_pickaxe":1,"minecraft:iron_pickaxe":4,"minecraft:wooden_axe":2,"minecraft:chest":2,"minecraft:iron_leggings":1,"minecraft:torch":40},"minecraft:broken":{"minecraft:stone_pickaxe":1,"minecraft:iron_pickaxe":3},"minecraft:dropped":{"minecraft:gravel":3,"minecraft:granite":21,"minecraft:dirt":5,"minecraft:diorite":4,"byg:rocky_stone":14,"minecraft:mutton":1,"minecraft:andesite":25},"minecraft:custom":{"minecraft:interact_with_furnace":23,"minecraft:mob_kills":1,"minecraft:interact_with_crafting_table":16,"minecraft:play_one_minute":124911,"minecraft:leave_game":3,"minecraft:time_since_death":7620,"minecraft:climb_one_cm":1911,"minecraft:time_since_rest":7667,"minecraft:damage_taken":1015,"minecraft:sprint_one_cm":18251,"minecraft:walk_one_cm":156478,"minecraft:damage_blocked_by_shield":100,"minecraft:drop":12,"minecraft:damage_dealt":262,"minecraft:fly_one_cm":5903,"minecraft:open_chest":8,"minecraft:crouch_one_cm":5146,"minecraft:deaths":5,"minecraft:sneak_time":4398,"minecraft:walk_under_water_one_cm":1896,"minecraft:boat_one_cm":69303,"minecraft:jump":409,"minecraft:walk_on_water_one_cm":1424,"minecraft:fall_one_cm":10175},"minecraft:killed":{"minecraft:sheep":1},"minecraft:killed_by":{"minecraft:zombie":3,"minecraft:drowned":1}},"DataVersion":2586}