{"stats":{"minecraft:killed_by":{"minecraft:drowned":1},"minecraft:picked_up":{"minecraft:charcoal":3,"byg:soapstone":2,"minecraft:andesite":21,"byg:tiny_lilypads":10,"minecraft:lily_pad":28,"minecraft:lapis_lazuli":71,"minecraft:dirt":6,"byg:zelkova_crafting_table":6,"minecraft:wheat_seeds":1,"byg:zelkova_log":42,"minecraft:iron_ingot":8,"minecraft:iron_ore":54,"zombie_extreme:copper_ore":6,"minecraft:furnace":4,"zombie_extreme:ruby":9,"zombie_extreme:oreradium":4,"minecraft:gravel":3,"minecraft:diorite":1,"minecraft:gold_ore":11,"minecraft:redstone":90,"minecraft:diamond":2,"minecraft:granite":14,"minecraft:mutton":1,"minecraft:coal":189,"byg:rocky_stone":2,"minecraft:white_wool":1,"minecraft:cobblestone":138},"minecraft:custom":{"minecraft:interact_with_furnace":15,"minecraft:mob_kills":1,"minecraft:interact_with_crafting_table":9,"minecraft:play_one_minute":67949,"minecraft:time_since_death":50814,"minecraft:climb_one_cm":1191,"minecraft:time_since_rest":50922,"minecraft:sprint_one_cm":9801,"minecraft:damage_taken":235,"minecraft:walk_one_cm":92121,"minecraft:damage_dealt":90,"minecraft:fly_one_cm":3607,"minecraft:crouch_one_cm":5146,"minecraft:deaths":1,"minecraft:sneak_time":4395,"minecraft:walk_under_water_one_cm":1896,"minecraft:boat_one_cm":69303,"minecraft:jump":193,"minecraft:walk_on_water_one_cm":1424,"minecraft:fall_one_cm":3746},"minecraft:killed":{"minecraft:sheep":1},"minecraft:broken":{"minecraft:stone_pickaxe":1,"minecraft:iron_pickaxe":1},"minecraft:mined":{"minecraft:diamond_ore":2,"zombie_extreme:copper_ore":6,"byg:zelkova_log":42,"minecraft:granite":14,"minecraft:grass_block":2,"minecraft:cobblestone":2,"minecraft:lapis_ore":10,"minecraft:diorite":2,"minecraft:large_fern":3,"zombie_extreme:rubyore":9,"byg:soapstone":2,"byg:zelkova_crafting_table":6,"minecraft:redstone_ore":20,"minecraft:furnace":4,"zombie_extreme:oreradium":4,"minecraft:iron_ore":55,"minecraft:andesite":21,"minecraft:grass":1,"minecraft:coal_ore":129,"minecraft:dirt":4,"byg:rocky_stone":2,"minecraft:stone":151,"minecraft:gold_ore":11},"minecraft:crafted":{"minecraft:wooden_sword":1,"minecraft:wooden_shovel":1,"minecraft:stone_shovel":1,"minecraft:wooden_pickaxe":2,"byg:zelkova_planks":68,"byg:zelkova_crafting_table":2,"minecraft:furnace":1,"byg:zelkova_boat":1,"minecraft:stone_axe":1,"minecraft:iron_chestplate":1,"minecraft:charcoal":5,"minecraft:iron_axe":1,"minecraft:stick":32,"minecraft:iron_ingot":36,"minecraft:iron_pickaxe":2,"minecraft:stone_pickaxe":1,"minecraft:wooden_axe":1,"minecraft:torch":40},"minecraft:used":{"minecraft:stone_pickaxe":131,"minecraft:wooden_pickaxe":15,"minecraft:torch":19,"minecraft:dirt":1,"minecraft:wooden_axe":19,"minecraft:iron_axe":2,"minecraft:iron_pickaxe":298,"minecraft:stone_axe":12,"minecraft:cobblestone":63,"minecraft:furnace":5,"byg:zelkova_crafting_table":7,"minecraft:andesite":7,"byg:zelkova_boat":1}},"DataVersion":2586}