{"stats":{"minecraft:killed_by":{"minecraft:drowned":1},"minecraft:picked_up":{"minecraft:charcoal":3,"minecraft:andesite":18,"zombie_extreme:oreradium":2,"minecraft:gravel":3,"byg:tiny_lilypads":10,"minecraft:lily_pad":28,"minecraft:redstone":51,"minecraft:gold_ore":3,"minecraft:lapis_lazuli":41,"minecraft:dirt":6,"byg:zelkova_crafting_table":5,"minecraft:wheat_seeds":1,"byg:zelkova_log":42,"minecraft:iron_ingot":8,"minecraft:granite":14,"minecraft:iron_ore":31,"minecraft:mutton":1,"minecraft:white_wool":1,"minecraft:coal":189,"byg:rocky_stone":1,"minecraft:cobblestone":124,"zombie_extreme:copper_ore":6,"minecraft:furnace":4},"minecraft:custom":{"minecraft:time_since_rest":38922,"minecraft:interact_with_furnace":13,"minecraft:sprint_one_cm":9139,"minecraft:damage_taken":215,"minecraft:walk_one_cm":78914,"minecraft:mob_kills":1,"minecraft:damage_dealt":90,"minecraft:interact_with_crafting_table":9,"minecraft:fly_one_cm":2899,"minecraft:play_one_minute":55949,"minecraft:crouch_one_cm":1390,"minecraft:deaths":1,"minecraft:sneak_time":1343,"minecraft:walk_under_water_one_cm":1896,"minecraft:boat_one_cm":69303,"minecraft:jump":159,"minecraft:time_since_death":38814,"minecraft:walk_on_water_one_cm":1424,"minecraft:climb_one_cm":1191,"minecraft:fall_one_cm":3262},"minecraft:killed":{"minecraft:sheep":1},"minecraft:broken":{"minecraft:stone_pickaxe":1},"minecraft:mined":{"minecraft:large_fern":3,"byg:zelkova_crafting_table":5,"minecraft:redstone_ore":11,"minecraft:furnace":4,"zombie_extreme:oreradium":2,"minecraft:iron_ore":31,"minecraft:andesite":18,"zombie_extreme:copper_ore":6,"byg:zelkova_log":42,"minecraft:granite":14,"minecraft:grass":1,"minecraft:grass_block":2,"minecraft:coal_ore":129,"minecraft:dirt":4,"byg:rocky_stone":1,"minecraft:cobblestone":2,"minecraft:lapis_ore":6,"minecraft:stone":133,"minecraft:gold_ore":3},"minecraft:crafted":{"minecraft:wooden_sword":1,"minecraft:wooden_shovel":1,"minecraft:stone_shovel":1,"minecraft:iron_chestplate":1,"minecraft:charcoal":5,"minecraft:iron_axe":1,"minecraft:stick":32,"byg:zelkova_planks":68,"minecraft:wooden_pickaxe":2,"minecraft:iron_ingot":23,"minecraft:iron_pickaxe":2,"minecraft:stone_pickaxe":1,"minecraft:wooden_axe":1,"byg:zelkova_crafting_table":2,"minecraft:furnace":1,"minecraft:torch":16,"minecraft:stone_axe":1,"byg:zelkova_boat":1},"minecraft:used":{"minecraft:wooden_axe":19,"minecraft:iron_axe":1,"minecraft:stone_pickaxe":131,"minecraft:iron_pickaxe":214,"minecraft:wooden_pickaxe":15,"minecraft:stone_axe":12,"minecraft:torch":16,"minecraft:dirt":1,"minecraft:cobblestone":16,"byg:zelkova_boat":1,"minecraft:furnace":4,"byg:zelkova_crafting_table":6,"minecraft:andesite":7}},"DataVersion":2586}