{"stats":{"minecraft:killed_by":{"zombie_extreme:night_hunter":1,"zombie_extreme:bombsuitzombie":2,"zombie_extreme:infected_dog":1,"zombie_extreme:militarysoldier":2,"minecraft:zombie":9,"minecraft:player":9,"zombie_extreme:infectedperson":1,"zombie_extreme:soldier_zombie":1,"zombie_extreme:infected_spec_ops_soldier":1,"zombie_extreme:policezombie":1},"minecraft:dropped":{"minecraft:oak_pressure_plate":3,"zombie_extreme:nailitem":1,"minecraft:cooked_beef":1,"minecraft:dirt":10,"zombie_extreme:bettary":1,"zombie_extreme:oreradium":17,"minecraft:iron_pickaxe":2,"byg:scoria_cobblestone":5,"minecraft:white_wool":9,"minecraft:gravel":2,"zombie_extreme:radium":1,"minecraft:birch_sapling":2,"minecraft:rotten_flesh":49,"minecraft:oak_planks":1,"minecraft:leather_chestplate":1,"byg:rocky_stone":21,"zombie_extreme:copper_ignot":3,"minecraft:iron_ingot":5,"minecraft:bread":32,"minecraft:wheat_seeds":7,"minecraft:iron_helmet":1,"minecraft:cobblestone":115,"minecraft:book":12,"minecraft:granite":16,"minecraft:coal":64,"minecraft:stick":2,"zombie_extreme:counteractingpill":1,"minecraft:torch":6,"zombie_extreme:empty_can":2,"minecraft:string":6,"minecraft:lily_pad":16,"minecraft:redstone":30,"zombie_extreme:chips":1,"tac:m870_classic":1,"zombie_extreme:photo_camera":1,"minecraft:light_gray_terracotta":2,"minecraft:bowl":1,"zombie_extreme:wrench":1,"minecraft:spruce_planks":1,"minecraft:andesite":7,"minecraft:diamond_pickaxe":4,"minecraft:mossy_stone_bricks":2,"minecraft:stone_bricks":273,"minecraft:spruce_log":1,"minecraft:bow":1,"minecraft:stone_pickaxe":3},"minecraft:custom":{"minecraft:interact_with_crafting_table":124,"minecraft:leave_game":15,"minecraft:time_since_death":22166,"minecraft:damage_resisted":205,"minecraft:sprint_one_cm":1294797,"minecraft:damage_blocked_by_shield":1035,"minecraft:drop":124,"minecraft:deaths":32,"minecraft:jump":8561,"minecraft:interact_with_brewingstand":1,"minecraft:walk_on_water_one_cm":15153,"minecraft:interact_with_furnace":196,"minecraft:play_one_minute":691481,"minecraft:sleep_in_bed":15,"minecraft:damage_dealt":14823,"minecraft:player_kills":11,"minecraft:crouch_one_cm":35345,"minecraft:mob_kills":72,"minecraft:damage_dealt_resisted":43,"minecraft:climb_one_cm":1999,"minecraft:walk_one_cm":1528459,"minecraft:damage_dealt_absorbed":111,"minecraft:sneak_time":21217,"minecraft:walk_under_water_one_cm":4795,"minecraft:boat_one_cm":86494,"minecraft:interact_with_stonecutter":12,"minecraft:time_since_rest":22199,"minecraft:damage_taken":7223,"minecraft:swim_one_cm":3483,"minecraft:fly_one_cm":1298600,"minecraft:open_chest":174,"minecraft:fall_one_cm":161229},"minecraft:broken":{"zombie_extreme:hammer":1,"minecraft:diamond_pickaxe":1,"minecraft:wooden_sword":1,"zombie_extreme:copper_pickaxe":1,"minecraft:wooden_axe":1,"minecraft:wooden_pickaxe":2,"minecraft:iron_pickaxe":12},"minecraft:picked_up":{"minecraft:anvil":1,"minecraft:oak_stairs":2,"minecraft:string":12,"zombie_extreme:chips":2,"byg:pine_log":9,"minecraft:spruce_planks":3,"minecraft:cobblestone_slab":1,"minecraft:iron_pickaxe":3,"minecraft:furnace":3,"minecraft:dark_oak_door":2,"zombie_extreme:ruby":45,"tac:m870_classic":1,"minecraft:stick":10,"minecraft:torch":51,"minecraft:porkchop":2,"zombie_extreme:jamglass":1,"minecraft:diorite":108,"byg:cattail":1,"zombie_extreme:soda":1,"zombie_extreme:photo_camera":2,"minecraft:cactus":1,"minecraft:rotten_flesh":112,"tac:db_short":1,"minecraft:cyan_terracotta":3,"zombie_extreme:deadbody":1,"minecraft:iron_bars":1,"minecraft:cobblestone":3283,"minecraft:enchanting_table":1,"minecraft:leather_chestplate":1,"minecraft:cooked_beef":11,"minecraft:iron_door":1,"zombie_extreme:counteractingpill":1,"minecraft:andesite":45,"zombie_extreme:wire":3,"minecraft:lantern":1,"zombie_extreme:crowbar":1,"minecraft:dirt":132,"minecraft:lapis_lazuli":97,"minecraft:bone":2,"minecraft:acacia_planks":1,"minecraft:bow":1,"mca:whistle":1,"minecraft:wheat_seeds":43,"minecraft:bell":1,"minecraft:mossy_stone_bricks":2,"minecraft:oak_planks":14,"minecraft:oak_pressure_plate":4,"minecraft:sand":3,"minecraft:ink_sac":3,"zombie_extreme:antiradon_enhanced_action":1,"byg:cika_log":6,"zombie_extreme:vodka":1,"zombie_extreme:radio":1,"minecraft:light_gray_terracotta":2,"minecraft:diamond":16,"byg:purple_sage":1,"minecraft:granite":49,"minecraft:bread":32,"minecraft:oak_sapling":3,"byg:pine_planks":20,"minecraft:bricks":7,"minecraft:diamond_pickaxe":4,"byg:soapstone":37,"minecraft:crafting_table":3,"minecraft:coarse_dirt":6,"zombie_extreme:blackmetal":24,"minecraft:ladder":2,"minecraft:wooden_pickaxe":1,"zombie_extreme:coprse":3,"minecraft:cracked_stone_bricks":1,"minecraft:lectern":1,"minecraft:sugar_cane":7,"minecraft:birch_sapling":2,"zombie_extreme:copper_ore":30,"minecraft:stone":111,"sophisticatedbackpacks:backpack":1,"zombie_extreme:bettary":1,"zombie_extreme:titanore":1,"zombie_extreme:nailitem":2,"minecraft:carrot":1,"minecraft:redstone":465,"minecraft:hay_block":20,"zombie_extreme:cooker":1,"zombie_extreme:butcher_knife":2,"minecraft:mutton":10,"byg:rocky_stone":79,"minecraft:white_wool":23,"zombie_extreme:radium":1,"minecraft:lily_pad":21,"minecraft:oak_log":22,"zombie_extreme:rottenapple":1,"minecraft:cobblestone_wall":2,"byg:dacite_cobblestone":22,"byg:scoria_cobblestone":41,"minecraft:apple":2,"minecraft:stone_bricks":71,"minecraft:stone_pickaxe":2,"minecraft:iron_ingot":11,"minecraft:iron_ore":164,"minecraft:book":57,"minecraft:pumpkin":7,"minecraft:sweet_berries":80,"zombie_extreme:oreradium":37,"minecraft:dandelion":3,"minecraft:gravel":5,"minecraft:spruce_sapling":2,"minecraft:spruce_log":30,"minecraft:white_bed":14,"minecraft:gold_ore":40,"minecraft:painting":1,"zombie_extreme:empty_can":1,"minecraft:brown_banner":1,"minecraft:coal":702},"minecraft:mined":{"minecraft:spruce_planks":2,"minecraft:white_bed":13,"minecraft:oak_sapling":1,"zombie_extreme:copper_ore":23,"byg:cattail":1,"minecraft:granite":43,"minecraft:grass_block":42,"zombie_extreme:blackmetal":26,"zombie_extreme:oreradium":42,"minecraft:iron_ore":163,"minecraft:pumpkin":8,"minecraft:anvil":1,"minecraft:enchanting_table":1,"minecraft:iron_bars":1,"zombie_extreme:coprse":3,"byg:dacite":30,"minecraft:cyan_terracotta":3,"minecraft:torch":4,"minecraft:light_gray_terracotta":2,"zombie_extreme:titanore":1,"minecraft:poppy":1,"byg:podzol_dacite":10,"byg:cika_log":6,"minecraft:cobblestone":174,"byg:pine_leaves":1,"minecraft:sugar_cane":3,"minecraft:oak_planks":3,"minecraft:iron_door":2,"minecraft:wall_torch":36,"minecraft:birch_sapling":1,"zombie_extreme:radio":1,"byg:soapstone":40,"minecraft:grass":365,"minecraft:oak_log":22,"minecraft:sand":3,"byg:aspen_leaves":2,"minecraft:dirt":84,"byg:blueberry_bush":4,"minecraft:oak_leaves":3,"minecraft:diamond_ore":14,"byg:purple_sage":1,"minecraft:ladder":2,"minecraft:spruce_leaves":37,"minecraft:large_fern":3,"minecraft:hay_block":20,"minecraft:redstone_ore":132,"minecraft:furnace":3,"minecraft:andesite":51,"zombie_extreme:wire":6,"minecraft:bell":1,"minecraft:bookshelf":18,"minecraft:cobblestone_slab":1,"byg:rocky_stone":94,"minecraft:stone":3246,"minecraft:podzol":15,"minecraft:glass_pane":1,"minecraft:dandelion":5,"minecraft:crafting_table":3,"minecraft:lectern":1,"minecraft:tall_grass":4,"byg:overgrown_dacite":2,"minecraft:lapis_ore":12,"zombie_extreme:deadbody":1,"minecraft:diorite":116,"zombie_extreme:rubyore":49,"minecraft:lime_bed":1,"minecraft:coarse_dirt":8,"byg:scoria_stone":45,"minecraft:cobblestone_wall":2,"minecraft:sweet_berry_bush":54,"minecraft:ice":1,"minecraft:spruce_log":32,"byg:short_grass":9,"byg:pine_log":11,"minecraft:coal_ore":606,"minecraft:gravel":5,"minecraft:cobweb":10,"minecraft:cracked_stone_bricks":1,"minecraft:acacia_planks":1,"minecraft:polished_andesite":1,"minecraft:stone_bricks":68,"minecraft:mossy_stone_bricks":2,"minecraft:gold_ore":40,"minecraft:fern":4},"minecraft:crafted":{"minecraft:black_dye":1,"zombie_extreme:copper_pickaxe":1,"minecraft:oak_planks":66,"minecraft:smooth_stone":1,"minecraft:stone":1295,"byg:pine_planks":38,"minecraft:cooked_mutton":6,"minecraft:iron_boots":1,"zombie_extreme:blackbar":7,"minecraft:chest":4,"minecraft:stone_bricks":3,"sophisticatedbackpacks:backpack":1,"minecraft:crafting_table":13,"minecraft:spruce_planks":130,"minecraft:wooden_pickaxe":3,"minecraft:iron_helmet":1,"minecraft:gold_block":1,"zombie_extreme:copper_ignot":6,"byg:cika_planks":24,"minecraft:diamond_pickaxe":2,"minecraft:shield":1,"minecraft:stick":118,"minecraft:iron_ingot":145,"minecraft:iron_pickaxe":12,"minecraft:stone_sword":4,"minecraft:gold_ingot":13,"minecraft:wooden_sword":3,"zombie_extreme:radium":4,"minecraft:furnace":8,"minecraft:iron_axe":1,"minecraft:stone_pickaxe":3,"mca:whistle":1,"sophisticatedbackpacks:iron_backpack":1,"minecraft:wheat":108,"minecraft:iron_sword":1,"minecraft:bucket":1,"byg:pine_boat":1,"minecraft:bread":32,"minecraft:air":0,"minecraft:wooden_axe":3,"firstaid:bandage":1,"minecraft:stonecutter":1,"minecraft:white_bed":1,"minecraft:torch":296},"minecraft:used":{"minecraft:chest":4,"minecraft:shield":49,"minecraft:stone":1,"minecraft:iron_sword":159,"minecraft:bricks":7,"byg:pine_boat":1,"zombie_extreme:coprse":3,"zombie_extreme:anti_selective_vaccine":1,"minecraft:stone_bricks":653,"minecraft:hay_block":8,"minecraft:sweet_berries":80,"minecraft:oak_sapling":1,"minecraft:furnace":11,"byg:dacite_cobblestone":1,"zombie_extreme:antiradon_enhanced_action":1,"minecraft:diorite":71,"minecraft:stone_pickaxe":341,"minecraft:oak_planks":22,"minecraft:wooden_pickaxe":119,"minecraft:white_wool":1,"zombie_extreme:crowbar":31,"zombie_extreme:deadbody":1,"zombie_extreme:radio":1,"minecraft:bread":23,"minecraft:iron_door":1,"minecraft:gravel":1,"zombie_extreme:copper_pickaxe":188,"minecraft:wooden_sword":178,"minecraft:andesite":6,"minecraft:coarse_dirt":3,"minecraft:cobweb":1,"zombie_extreme:butcher_knife":23,"minecraft:iron_bars":1,"minecraft:stone_sword":4,"minecraft:spruce_planks":8,"zombie_extreme:vodka":1,"minecraft:torch":340,"minecraft:dirt":88,"minecraft:cobblestone_wall":1,"minecraft:granite":4,"minecraft:wooden_axe":46,"minecraft:iron_axe":83,"zombie_extreme:drug":1,"minecraft:cooked_beef":10,"minecraft:cooked_mutton":6,"minecraft:water_bucket":19,"byg:rocky_stone":6,"minecraft:stonecutter":1,"minecraft:crafting_table":14,"minecraft:brown_banner":1,"minecraft:white_bed":14,"minecraft:spruce_log":1,"minecraft:oak_log":1,"minecraft:diamond_pickaxe":1569,"minecraft:iron_pickaxe":3043,"byg:soapstone":8,"zombie_extreme:cooker":1,"zombie_extreme:hammer":203,"minecraft:cobblestone":461,"minecraft:porkchop":2,"byg:scoria_cobblestone":2,"minecraft:bucket":20,"minecraft:smooth_stone":1},"minecraft:killed":{"minecraft:pig":1,"zombie_extreme:infected_hazmat":3,"minecraft:sheep":9,"minecraft:zombie":49,"zombie_extreme:bombsuitzombie":1,"minecraft:drowned":1,"minecraft:husk":1,"zombie_extreme:crawler_zombie":2}},"DataVersion":2586}