{"stats":{"minecraft:dropped":{"zombie_extreme:radium":1,"minecraft:birch_sapling":2,"minecraft:cobblestone":80,"minecraft:oak_planks":1,"minecraft:granite":16,"minecraft:torch":1,"byg:rocky_stone":21,"minecraft:andesite":3,"minecraft:stone_bricks":7,"minecraft:spruce_log":1,"zombie_extreme:copper_ignot":3},"minecraft:picked_up":{"minecraft:crafting_table":1,"minecraft:coarse_dirt":1,"byg:soapstone":18,"zombie_extreme:blackmetal":7,"minecraft:andesite":3,"minecraft:oak_log":6,"minecraft:lily_pad":9,"minecraft:cobblestone_wall":2,"byg:dacite_cobblestone":22,"byg:scoria_cobblestone":23,"byg:pine_log":5,"minecraft:stone_bricks":12,"mca:whistle":1,"minecraft:iron_ore":47,"minecraft:mossy_stone_bricks":2,"minecraft:birch_sapling":2,"minecraft:oak_planks":1,"zombie_extreme:copper_ore":6,"zombie_extreme:ruby":11,"minecraft:stick":4,"minecraft:sweet_berries":9,"zombie_extreme:oreradium":8,"minecraft:torch":18,"minecraft:ink_sac":2,"minecraft:diorite":13,"minecraft:spruce_log":7,"minecraft:redstone":76,"minecraft:gold_ore":16,"minecraft:granite":26,"byg:pine_planks":16,"minecraft:mutton":2,"minecraft:coal":166,"byg:rocky_stone":21,"minecraft:white_wool":2,"minecraft:cobblestone":502,"zombie_extreme:radium":1},"minecraft:custom":{"minecraft:interact_with_furnace":58,"minecraft:mob_kills":2,"minecraft:interact_with_crafting_table":31,"minecraft:play_one_minute":103845,"minecraft:leave_game":6,"minecraft:time_since_death":103845,"minecraft:time_since_rest":103845,"minecraft:sprint_one_cm":116645,"minecraft:damage_taken":265,"minecraft:walk_one_cm":191080,"minecraft:drop":15,"minecraft:damage_dealt":160,"minecraft:fly_one_cm":81486,"minecraft:open_chest":2,"minecraft:crouch_one_cm":1849,"minecraft:sneak_time":976,"minecraft:walk_under_water_one_cm":125,"minecraft:boat_one_cm":29839,"minecraft:jump":1102,"minecraft:walk_on_water_one_cm":81,"minecraft:fall_one_cm":13129},"minecraft:killed":{"minecraft:sheep":2},"minecraft:broken":{"zombie_extreme:copper_pickaxe":1,"minecraft:iron_pickaxe":3,"minecraft:wooden_pickaxe":1},"minecraft:mined":{"byg:dacite":30,"zombie_extreme:copper_ore":6,"minecraft:crafting_table":1,"minecraft:torch":3,"minecraft:granite":17,"minecraft:poppy":1,"zombie_extreme:blackmetal":9,"byg:podzol_dacite":10,"byg:pine_leaves":1,"byg:overgrown_dacite":2,"minecraft:spruce_leaves":10,"minecraft:diorite":17,"minecraft:wall_torch":12,"minecraft:large_fern":3,"minecraft:birch_sapling":1,"zombie_extreme:rubyore":11,"minecraft:redstone_ore":26,"byg:soapstone":19,"minecraft:coarse_dirt":3,"byg:scoria_stone":23,"minecraft:cobblestone_wall":2,"zombie_extreme:oreradium":8,"minecraft:iron_ore":47,"minecraft:sweet_berry_bush":4,"minecraft:spruce_log":7,"minecraft:andesite":12,"byg:pine_log":7,"minecraft:grass":6,"minecraft:oak_log":6,"minecraft:coal_ore":166,"byg:aspen_leaves":2,"minecraft:dirt":7,"byg:blueberry_bush":4,"byg:rocky_stone":24,"minecraft:stone_bricks":12,"minecraft:stone":653,"minecraft:mossy_stone_bricks":2,"minecraft:gold_ore":16,"minecraft:fern":4},"minecraft:crafted":{"zombie_extreme:copper_pickaxe":1,"minecraft:wooden_sword":1,"minecraft:oak_planks":20,"minecraft:crafting_table":5,"minecraft:spruce_planks":24,"zombie_extreme:radium":4,"minecraft:wooden_pickaxe":1,"minecraft:iron_helmet":1,"minecraft:furnace":3,"minecraft:gold_block":1,"byg:pine_boat":1,"byg:pine_planks":20,"zombie_extreme:copper_ignot":6,"minecraft:cooked_mutton":2,"minecraft:air":0,"minecraft:iron_boots":1,"minecraft:stick":22,"minecraft:iron_ingot":27,"minecraft:iron_pickaxe":3,"minecraft:stone_pickaxe":2,"minecraft:wooden_axe":1,"zombie_extreme:blackbar":7,"minecraft:gold_ingot":13,"minecraft:torch":40,"mca:whistle":1},"minecraft:used":{"minecraft:cooked_mutton":1,"minecraft:stone_pickaxe":153,"minecraft:oak_planks":5,"minecraft:wooden_pickaxe":59,"minecraft:torch":60,"minecraft:crafting_table":6,"minecraft:cobblestone_wall":1,"minecraft:oak_log":1,"minecraft:wooden_axe":18,"byg:pine_boat":1,"minecraft:iron_pickaxe":759,"byg:soapstone":3,"minecraft:stone_bricks":5,"zombie_extreme:copper_pickaxe":188,"minecraft:wooden_sword":9,"minecraft:cobblestone":72,"minecraft:furnace":3,"byg:dacite_cobblestone":1,"minecraft:coarse_dirt":1}},"DataVersion":2586}