{"stats":{"minecraft:crafted":{"zombie_extreme:copper_pickaxe":1,"minecraft:wooden_sword":2,"minecraft:oak_planks":20,"minecraft:crafting_table":8,"minecraft:spruce_planks":30,"zombie_extreme:radium":4,"minecraft:wooden_pickaxe":3,"minecraft:iron_helmet":1,"minecraft:furnace":4,"minecraft:gold_block":1,"byg:pine_planks":36,"byg:pine_boat":1,"zombie_extreme:copper_ignot":6,"minecraft:cooked_mutton":2,"minecraft:air":0,"byg:cika_planks":24,"minecraft:iron_boots":1,"minecraft:stick":34,"minecraft:stone_sword":4,"minecraft:iron_ingot":32,"minecraft:iron_pickaxe":3,"minecraft:stone_pickaxe":3,"minecraft:wooden_axe":3,"zombie_extreme:blackbar":7,"minecraft:gold_ingot":13,"minecraft:white_bed":1,"minecraft:torch":40,"mca:whistle":1},"minecraft:used":{"minecraft:cooked_mutton":1,"minecraft:stone_sword":4,"minecraft:stone_pickaxe":228,"minecraft:oak_planks":5,"minecraft:wooden_pickaxe":91,"byg:rocky_stone":3,"minecraft:torch":60,"minecraft:white_wool":1,"minecraft:dirt":35,"minecraft:crafting_table":9,"minecraft:white_bed":2,"minecraft:cobblestone_wall":1,"minecraft:oak_log":1,"minecraft:wooden_axe":26,"byg:pine_boat":1,"minecraft:iron_pickaxe":759,"byg:soapstone":3,"minecraft:stone_bricks":5,"zombie_extreme:copper_pickaxe":188,"minecraft:wooden_sword":123,"minecraft:cobblestone":131,"minecraft:furnace":4,"byg:dacite_cobblestone":1,"minecraft:coarse_dirt":1},"minecraft:killed":{"minecraft:sheep":9,"minecraft:zombie":1},"minecraft:broken":{"zombie_extreme:copper_pickaxe":1,"minecraft:iron_pickaxe":3,"minecraft:wooden_pickaxe":2},"minecraft:killed_by":{"minecraft:zombie":2},"minecraft:picked_up":{"minecraft:crafting_table":2,"minecraft:coarse_dirt":1,"byg:soapstone":18,"zombie_extreme:blackmetal":7,"minecraft:andesite":3,"minecraft:oak_log":6,"minecraft:lily_pad":21,"minecraft:cobblestone_wall":2,"byg:dacite_cobblestone":22,"minecraft:dirt":40,"byg:scoria_cobblestone":23,"minecraft:stone_bricks":12,"byg:pine_log":9,"minecraft:wheat_seeds":1,"mca:whistle":1,"minecraft:iron_ore":57,"minecraft:mossy_stone_bricks":2,"minecraft:birch_sapling":2,"minecraft:oak_planks":1,"zombie_extreme:copper_ore":8,"zombie_extreme:ruby":11,"minecraft:stick":4,"minecraft:pumpkin":7,"minecraft:sweet_berries":9,"zombie_extreme:oreradium":8,"minecraft:torch":18,"byg:cika_log":6,"minecraft:ink_sac":2,"minecraft:diorite":13,"minecraft:white_bed":2,"minecraft:spruce_log":9,"minecraft:redstone":76,"minecraft:gold_ore":16,"minecraft:rotten_flesh":1,"minecraft:granite":26,"byg:pine_planks":16,"minecraft:mutton":10,"byg:rocky_stone":26,"minecraft:coal":171,"minecraft:white_wool":23,"minecraft:cobblestone":546,"zombie_extreme:radium":1},"minecraft:mined":{"byg:dacite":30,"minecraft:podzol":13,"minecraft:white_bed":2,"minecraft:dandelion":1,"zombie_extreme:copper_ore":8,"minecraft:crafting_table":2,"minecraft:torch":3,"minecraft:granite":17,"minecraft:grass_block":12,"zombie_extreme:blackmetal":9,"minecraft:poppy":1,"byg:podzol_dacite":10,"byg:cika_log":6,"minecraft:tall_grass":2,"byg:pine_leaves":1,"minecraft:cobblestone":9,"minecraft:spruce_leaves":12,"byg:overgrown_dacite":2,"minecraft:diorite":17,"minecraft:wall_torch":12,"minecraft:birch_sapling":1,"minecraft:large_fern":3,"zombie_extreme:rubyore":11,"byg:soapstone":19,"minecraft:redstone_ore":26,"minecraft:coarse_dirt":3,"byg:scoria_stone":23,"minecraft:cobblestone_wall":2,"zombie_extreme:oreradium":8,"minecraft:iron_ore":57,"minecraft:sweet_berry_bush":4,"minecraft:pumpkin":8,"byg:short_grass":3,"minecraft:spruce_log":9,"minecraft:andesite":12,"byg:pine_log":11,"minecraft:grass":100,"minecraft:oak_log":6,"minecraft:coal_ore":166,"byg:blueberry_bush":4,"minecraft:dirt":28,"byg:aspen_leaves":2,"byg:rocky_stone":29,"minecraft:stone":698,"minecraft:stone_bricks":12,"minecraft:mossy_stone_bricks":2,"minecraft:gold_ore":16,"minecraft:fern":4},"minecraft:dropped":{"zombie_extreme:radium":1,"minecraft:birch_sapling":2,"minecraft:cobblestone":80,"minecraft:oak_planks":1,"minecraft:granite":16,"minecraft:coal":64,"minecraft:torch":2,"byg:rocky_stone":21,"minecraft:mossy_stone_bricks":2,"minecraft:andesite":3,"minecraft:stone_bricks":7,"minecraft:spruce_log":1,"zombie_extreme:copper_ignot":3,"minecraft:lily_pad":16},"minecraft:custom":{"minecraft:interact_with_furnace":60,"minecraft:mob_kills":10,"minecraft:interact_with_crafting_table":42,"minecraft:play_one_minute":164040,"minecraft:leave_game":8,"minecraft:time_since_death":12486,"minecraft:sleep_in_bed":1,"minecraft:time_since_rest":12516,"minecraft:damage_taken":1368,"minecraft:sprint_one_cm":184821,"minecraft:walk_one_cm":302039,"minecraft:drop":19,"minecraft:damage_dealt":1108,"minecraft:fly_one_cm":195160,"minecraft:open_chest":2,"minecraft:crouch_one_cm":7293,"minecraft:deaths":4,"minecraft:sneak_time":2493,"minecraft:walk_under_water_one_cm":125,"minecraft:boat_one_cm":86494,"minecraft:jump":1853,"minecraft:walk_on_water_one_cm":106,"minecraft:fall_one_cm":30248}},"DataVersion":2586}