{"stats":{"minecraft:crafted":{"minecraft:black_dye":1,"zombie_extreme:copper_pickaxe":1,"minecraft:oak_planks":74,"minecraft:smooth_stone":1,"minecraft:oak_sign":3,"minecraft:stone":1430,"byg:pine_planks":148,"minecraft:cooked_mutton":29,"minecraft:stone_brick_slab":6,"minecraft:iron_boots":1,"zombie_extreme:blackbar":7,"minecraft:chest":5,"minecraft:stone_bricks":3,"sophisticatedbackpacks:backpack":2,"minecraft:crafting_table":15,"minecraft:spruce_planks":858,"minecraft:iron_helmet":1,"minecraft:wooden_pickaxe":3,"minecraft:gold_block":1,"zombie_extreme:copper_ignot":6,"minecraft:stone_brick_stairs":42,"byg:cika_planks":24,"minecraft:diamond_pickaxe":2,"minecraft:shield":1,"minecraft:stick":124,"minecraft:iron_ingot":159,"minecraft:iron_pickaxe":13,"minecraft:stone_sword":4,"minecraft:gold_ingot":13,"minecraft:wooden_sword":3,"minecraft:stone_brick_wall":15,"zombie_extreme:radium":4,"minecraft:furnace":8,"byg:willow_planks":12,"minecraft:iron_axe":3,"minecraft:stone_pickaxe":3,"mca:whistle":1,"minecraft:wheat":108,"sophisticatedbackpacks:iron_backpack":1,"minecraft:iron_sword":1,"minecraft:bucket":1,"byg:pine_boat":1,"minecraft:bread":34,"minecraft:air":0,"minecraft:wooden_axe":3,"minecraft:iron_shovel":8,"firstaid:bandage":1,"minecraft:stonecutter":1,"minecraft:white_bed":1,"minecraft:acacia_planks":62,"minecraft:torch":356,"byg:pine_stairs":28},"minecraft:mined":{"byg:pine_sapling":2,"minecraft:spruce_planks":93,"minecraft:white_bed":13,"minecraft:oak_sapling":1,"zombie_extreme:copper_ore":23,"byg:cattail":1,"minecraft:granite":43,"minecraft:acacia_log":17,"minecraft:grass_block":984,"minecraft:stone_brick_wall":3,"zombie_extreme:blackmetal":26,"byg:willow_log":3,"zombie_extreme:oreradium":42,"minecraft:iron_ore":163,"minecraft:pumpkin":8,"minecraft:anvil":1,"minecraft:enchanting_table":1,"minecraft:oak_sign":1,"minecraft:iron_bars":1,"zombie_extreme:coprse":3,"byg:dacite":30,"minecraft:cyan_terracotta":3,"minecraft:torch":15,"minecraft:light_gray_terracotta":2,"zombie_extreme:titanore":1,"minecraft:poppy":1,"byg:podzol_dacite":10,"byg:cika_log":6,"minecraft:cobblestone":203,"byg:pine_leaves":11,"minecraft:sugar_cane":3,"minecraft:oak_planks":4,"minecraft:iron_door":2,"minecraft:wall_torch":37,"minecraft:birch_sapling":1,"zombie_extreme:radio":1,"minecraft:stone_stairs":1,"byg:pine_planks":2,"byg:soapstone":40,"minecraft:stone_brick_stairs":55,"minecraft:grass":530,"minecraft:oak_log":24,"byg:aspen_leaves":2,"minecraft:sand":3,"minecraft:dirt":240,"byg:blueberry_bush":4,"minecraft:oak_leaves":3,"minecraft:diamond_ore":14,"byg:purple_sage":1,"byg:willow_planks":1,"minecraft:ladder":2,"minecraft:spruce_leaves":170,"minecraft:large_fern":3,"minecraft:hay_block":20,"minecraft:redstone_ore":132,"minecraft:spruce_sapling":1,"minecraft:furnace":3,"minecraft:snow":96,"minecraft:andesite":51,"zombie_extreme:wire":6,"minecraft:bell":1,"minecraft:bookshelf":18,"minecraft:cobblestone_slab":1,"byg:rocky_stone":126,"minecraft:stone":3246,"minecraft:podzol":27,"minecraft:acacia_leaves":1,"minecraft:glass_pane":1,"minecraft:dandelion":6,"minecraft:crafting_table":3,"minecraft:lectern":1,"minecraft:tall_grass":5,"byg:overgrown_dacite":2,"minecraft:lapis_ore":12,"minecraft:lily_pad":1,"zombie_extreme:deadbody":1,"minecraft:diorite":116,"zombie_extreme:rubyore":49,"minecraft:lime_bed":1,"minecraft:coarse_dirt":13,"byg:scoria_stone":45,"minecraft:cobblestone_wall":2,"minecraft:sweet_berry_bush":80,"minecraft:ice":3,"minecraft:spruce_log":215,"byg:short_grass":11,"minecraft:grass_path":1,"byg:pine_log":36,"minecraft:coal_ore":606,"minecraft:gravel":5,"minecraft:cobweb":11,"minecraft:cracked_stone_bricks":1,"minecraft:acacia_planks":2,"minecraft:stone_bricks":97,"minecraft:polished_andesite":1,"minecraft:mossy_stone_bricks":2,"minecraft:gold_ore":40,"minecraft:fern":4},"minecraft:used":{"minecraft:iron_shovel":1274,"minecraft:oak_sign":3,"minecraft:chest":4,"minecraft:shield":73,"minecraft:stone":1,"byg:pine_planks":60,"minecraft:iron_sword":220,"byg:willow_planks":6,"minecraft:bricks":7,"byg:pine_boat":1,"zombie_extreme:coprse":3,"minecraft:stone_brick_stairs":120,"zombie_extreme:anti_selective_vaccine":1,"minecraft:stone_bricks":694,"minecraft:hay_block":8,"minecraft:sweet_berries":148,"minecraft:oak_sapling":1,"minecraft:furnace":11,"byg:dacite_cobblestone":1,"zombie_extreme:antiradon_enhanced_action":1,"minecraft:diorite":71,"minecraft:stone_pickaxe":352,"minecraft:oak_planks":24,"minecraft:wooden_pickaxe":119,"minecraft:white_wool":1,"zombie_extreme:crowbar":182,"zombie_extreme:deadbody":1,"byg:pine_stairs":14,"minecraft:stone_brick_wall":19,"zombie_extreme:radio":1,"minecraft:melon_slice":3,"minecraft:bread":34,"byg:pine_sapling":4,"minecraft:iron_door":1,"minecraft:gravel":1,"zombie_extreme:copper_pickaxe":188,"minecraft:wooden_sword":178,"minecraft:andesite":6,"minecraft:coarse_dirt":3,"minecraft:cobweb":1,"zombie_extreme:butcher_knife":84,"minecraft:iron_bars":1,"minecraft:stone_sword":4,"minecraft:spruce_planks":735,"zombie_extreme:vodka":1,"minecraft:torch":410,"minecraft:dirt":577,"minecraft:cobblestone_wall":1,"minecraft:stone_stairs":1,"minecraft:granite":4,"minecraft:stone_brick_slab":2,"minecraft:wooden_axe":46,"minecraft:iron_axe":582,"zombie_extreme:whiskey":1,"zombie_extreme:drug":1,"minecraft:cooked_beef":10,"minecraft:acacia_planks":3,"minecraft:cooked_mutton":26,"minecraft:water_bucket":19,"byg:rocky_stone":7,"minecraft:stonecutter":1,"minecraft:crafting_table":15,"minecraft:brown_banner":1,"minecraft:white_bed":15,"minecraft:painting":2,"minecraft:spruce_log":1,"minecraft:oak_log":1,"minecraft:diamond_pickaxe":1569,"minecraft:iron_pickaxe":3197,"byg:soapstone":8,"minecraft:spruce_sapling":40,"zombie_extreme:cooker":1,"zombie_extreme:hammer":203,"minecraft:cobblestone":544,"minecraft:white_banner":1,"minecraft:porkchop":2,"byg:scoria_cobblestone":2,"minecraft:bucket":20,"minecraft:smooth_stone":1},"minecraft:killed":{"zombie_extreme:militarysoldier":1,"minecraft:pig":1,"zombie_extreme:infected_hazmat":3,"minecraft:sheep":9,"minecraft:zombie":97,"zombie_extreme:bombsuitzombie":1,"minecraft:drowned":1,"minecraft:husk":1,"zombie_extreme:crawler_zombie":2},"minecraft:killed_by":{"zombie_extreme:night_hunter":1,"minecraft:pillager":1,"zombie_extreme:bombsuitzombie":2,"zombie_extreme:infected_dog":1,"zombie_extreme:militarysoldier":2,"minecraft:zombie":11,"minecraft:player":13,"zombie_extreme:infectedperson":1,"zombie_extreme:soldier_zombie":1,"zombie_extreme:infected_spec_ops_soldier":1,"zombie_extreme:policezombie":1},"minecraft:custom":{"minecraft:interact_with_crafting_table":157,"minecraft:leave_game":16,"minecraft:time_since_death":21539,"minecraft:damage_resisted":205,"minecraft:sprint_one_cm":1893434,"minecraft:damage_blocked_by_shield":1715,"minecraft:drop":153,"minecraft:talked_to_villager":2,"minecraft:deaths":42,"minecraft:jump":13820,"minecraft:interact_with_brewingstand":1,"minecraft:walk_on_water_one_cm":16708,"minecraft:interact_with_furnace":218,"minecraft:play_one_minute":1032085,"minecraft:sleep_in_bed":21,"minecraft:damage_dealt":23702,"minecraft:player_kills":17,"minecraft:crouch_one_cm":91294,"minecraft:mob_kills":122,"minecraft:damage_dealt_resisted":483,"minecraft:climb_one_cm":10451,"minecraft:walk_one_cm":2255057,"minecraft:damage_dealt_absorbed":191,"minecraft:sneak_time":47715,"minecraft:walk_under_water_one_cm":5656,"minecraft:boat_one_cm":86494,"minecraft:interact_with_stonecutter":17,"minecraft:time_since_rest":21583,"minecraft:damage_taken":10058,"minecraft:swim_one_cm":6320,"minecraft:fly_one_cm":2393293,"minecraft:open_chest":255,"minecraft:fall_one_cm":293202},"minecraft:dropped":{"sophisticatedbackpacks:iron_backpack":1,"minecraft:oak_pressure_plate":3,"zombie_extreme:nailitem":1,"minecraft:cooked_beef":1,"byg:willow_planks":6,"minecraft:crafting_table":1,"minecraft:cracked_stone_bricks":1,"zombie_extreme:antiradon_enhanced_action":1,"minecraft:dirt":11,"zombie_extreme:bettary":1,"zombie_extreme:oreradium":17,"minecraft:snowball":41,"minecraft:iron_pickaxe":2,"byg:scoria_cobblestone":5,"minecraft:white_wool":9,"minecraft:gravel":2,"zombie_extreme:radium":1,"minecraft:birch_sapling":2,"minecraft:rotten_flesh":56,"minecraft:oak_planks":1,"minecraft:poppy":1,"minecraft:leather_chestplate":1,"byg:rocky_stone":21,"byg:tiny_lilypads":5,"zombie_extreme:copper_ignot":3,"minecraft:iron_ingot":5,"minecraft:bread":32,"minecraft:wheat_seeds":82,"minecraft:iron_helmet":1,"minecraft:cobblestone":116,"minecraft:book":12,"minecraft:granite":16,"minecraft:coal":64,"minecraft:stick":2,"zombie_extreme:counteractingpill":1,"minecraft:torch":6,"byg:soapstone":4,"minecraft:iron_leggings":1,"zombie_extreme:empty_can":2,"minecraft:iron_shovel":1,"minecraft:string":10,"minecraft:lily_pad":16,"minecraft:redstone":30,"zombie_extreme:chips":1,"tac:m870_classic":1,"zombie_extreme:photo_camera":1,"minecraft:light_gray_terracotta":2,"minecraft:bowl":1,"sophisticatedbackpacks:backpack":1,"zombie_extreme:wrench":1,"minecraft:stone":7,"minecraft:spruce_planks":9,"minecraft:diamond_pickaxe":4,"minecraft:andesite":7,"minecraft:mossy_stone_bricks":2,"minecraft:stone_bricks":275,"minecraft:spruce_log":1,"minecraft:bow":1,"minecraft:stone_pickaxe":3},"minecraft:broken":{"minecraft:iron_shovel":3,"zombie_extreme:hammer":1,"minecraft:stone_pickaxe":1,"minecraft:diamond_pickaxe":1,"minecraft:wooden_sword":1,"zombie_extreme:copper_pickaxe":1,"minecraft:wooden_axe":1,"zombie_extreme:crowbar":1,"zombie_extreme:butcher_knife":1,"minecraft:wooden_pickaxe":2,"minecraft:iron_axe":1,"minecraft:iron_pickaxe":12},"minecraft:picked_up":{"minecraft:anvil":1,"minecraft:oak_stairs":2,"minecraft:stone_brick_stairs":52,"minecraft:string":17,"zombie_extreme:chips":2,"minecraft:oak_sign":1,"byg:pine_log":33,"minecraft:spruce_planks":106,"minecraft:cobblestone_slab":1,"minecraft:iron_pickaxe":3,"minecraft:furnace":3,"minecraft:dark_oak_door":2,"zombie_extreme:ruby":45,"tac:m870_classic":1,"minecraft:stick":39,"zombie_extreme:cannedmeat":1,"minecraft:torch":81,"minecraft:acacia_log":16,"minecraft:porkchop":2,"zombie_extreme:jamglass":1,"minecraft:diorite":108,"byg:cattail":1,"zombie_extreme:soda":1,"zombie_extreme:photo_camera":2,"byg:pine_sapling":3,"minecraft:cactus":1,"minecraft:rotten_flesh":130,"tac:db_short":1,"minecraft:cyan_terracotta":3,"zombie_extreme:deadbody":1,"minecraft:iron_bars":1,"minecraft:snowball":102,"minecraft:cobblestone":3312,"minecraft:enchanting_table":1,"minecraft:leather_chestplate":1,"minecraft:cooked_beef":11,"minecraft:iron_door":1,"zombie_extreme:counteractingpill":1,"minecraft:andesite":45,"byg:willow_planks":6,"zombie_extreme:wire":3,"minecraft:lantern":1,"zombie_extreme:crowbar":1,"minecraft:lapis_lazuli":97,"minecraft:dirt":1203,"minecraft:bone":2,"minecraft:acacia_planks":60,"minecraft:bow":1,"mca:whistle":1,"minecraft:wheat_seeds":114,"minecraft:bell":1,"zombie_extreme:millitaryvest_helmet":1,"minecraft:mossy_stone_bricks":2,"minecraft:oak_planks":18,"minecraft:oak_pressure_plate":4,"minecraft:sand":3,"sophisticatedbackpacks:iron_backpack":1,"minecraft:ink_sac":3,"zombie_extreme:antiradon_enhanced_action":1,"byg:cika_log":6,"zombie_extreme:vodka":1,"zombie_extreme:radio":1,"minecraft:light_gray_terracotta":2,"minecraft:diamond":16,"byg:purple_sage":1,"minecraft:crossbow":1,"minecraft:granite":49,"minecraft:bread":32,"minecraft:oak_sapling":3,"byg:pine_planks":22,"minecraft:bricks":7,"minecraft:diamond_pickaxe":4,"minecraft:coarse_dirt":6,"minecraft:crafting_table":4,"byg:soapstone":37,"zombie_extreme:blackmetal":24,"minecraft:ladder":2,"minecraft:wooden_pickaxe":1,"minecraft:stone_brick_wall":3,"byg:tiny_lilypads":5,"minecraft:stone_stairs":1,"zombie_extreme:coprse":3,"minecraft:iron_shovel":1,"minecraft:cracked_stone_bricks":1,"minecraft:poppy":1,"minecraft:lectern":1,"minecraft:sugar_cane":7,"minecraft:birch_sapling":2,"zombie_extreme:copper_ore":30,"minecraft:stone":111,"sophisticatedbackpacks:backpack":1,"zombie_extreme:bettary":1,"zombie_extreme:titanore":1,"zombie_extreme:nailitem":2,"minecraft:carrot":1,"minecraft:redstone":465,"minecraft:hay_block":20,"zombie_extreme:cooker":1,"zombie_extreme:butcher_knife":2,"minecraft:mutton":10,"byg:rocky_stone":107,"minecraft:white_wool":23,"zombie_extreme:radium":1,"minecraft:lily_pad":21,"minecraft:oak_log":24,"minecraft:cobblestone_wall":2,"zombie_extreme:rottenapple":1,"byg:dacite_cobblestone":22,"minecraft:white_banner":1,"byg:scoria_cobblestone":41,"minecraft:apple":2,"minecraft:stone_bricks":97,"minecraft:stone_pickaxe":2,"minecraft:iron_ingot":12,"minecraft:iron_ore":164,"byg:willow_log":3,"minecraft:book":57,"minecraft:pumpkin":7,"minecraft:sweet_berries":148,"zombie_extreme:oreradium":37,"zombie_extreme:whiskey":1,"minecraft:dandelion":5,"minecraft:gravel":5,"minecraft:spruce_sapling":55,"minecraft:white_bed":14,"minecraft:spruce_log":212,"minecraft:gold_ore":40,"minecraft:painting":2,"zombie_extreme:empty_can":1,"minecraft:brown_banner":1,"minecraft:coal":702}},"DataVersion":2586}