{"stats":{"minecraft:dropped":{"zombie_extreme:radium":1,"minecraft:cobblestone":1,"minecraft:oak_planks":1,"minecraft:granite":16,"minecraft:torch":1,"byg:rocky_stone":21,"minecraft:andesite":3,"minecraft:stone_bricks":7,"minecraft:spruce_log":1},"minecraft:picked_up":{"minecraft:crafting_table":1,"minecraft:coarse_dirt":1,"byg:soapstone":18,"zombie_extreme:blackmetal":7,"minecraft:andesite":3,"minecraft:oak_log":6,"minecraft:cobblestone_wall":2,"byg:dacite_cobblestone":1,"byg:scoria_cobblestone":23,"minecraft:stone_bricks":12,"mca:whistle":1,"minecraft:iron_ore":47,"minecraft:mossy_stone_bricks":2,"minecraft:birch_sapling":1,"minecraft:oak_planks":1,"zombie_extreme:copper_ore":6,"zombie_extreme:ruby":11,"minecraft:stick":4,"zombie_extreme:oreradium":8,"minecraft:torch":17,"minecraft:diorite":13,"minecraft:spruce_log":7,"minecraft:redstone":76,"minecraft:gold_ore":16,"minecraft:granite":26,"minecraft:mutton":2,"minecraft:coal":166,"byg:rocky_stone":21,"minecraft:white_wool":2,"minecraft:cobblestone":468,"zombie_extreme:radium":1},"minecraft:custom":{"minecraft:interact_with_furnace":58,"minecraft:mob_kills":2,"minecraft:interact_with_crafting_table":30,"minecraft:play_one_minute":91845,"minecraft:leave_game":6,"minecraft:time_since_death":91845,"minecraft:time_since_rest":91845,"minecraft:sprint_one_cm":92799,"minecraft:damage_taken":135,"minecraft:walk_one_cm":163306,"minecraft:drop":10,"minecraft:damage_dealt":160,"minecraft:fly_one_cm":71730,"minecraft:crouch_one_cm":1127,"minecraft:sneak_time":563,"minecraft:walk_under_water_one_cm":125,"minecraft:jump":948,"minecraft:walk_on_water_one_cm":81,"minecraft:fall_one_cm":10651},"minecraft:killed":{"minecraft:sheep":2},"minecraft:broken":{"zombie_extreme:copper_pickaxe":1,"minecraft:iron_pickaxe":3,"minecraft:wooden_pickaxe":1},"minecraft:mined":{"zombie_extreme:copper_ore":6,"minecraft:crafting_table":1,"minecraft:torch":1,"minecraft:granite":17,"minecraft:poppy":1,"zombie_extreme:blackmetal":9,"byg:podzol_dacite":1,"minecraft:spruce_leaves":8,"minecraft:diorite":17,"minecraft:wall_torch":12,"minecraft:birch_sapling":1,"zombie_extreme:rubyore":11,"minecraft:redstone_ore":26,"byg:soapstone":19,"minecraft:coarse_dirt":1,"byg:scoria_stone":23,"minecraft:cobblestone_wall":2,"zombie_extreme:oreradium":8,"minecraft:iron_ore":47,"minecraft:spruce_log":7,"minecraft:andesite":12,"minecraft:grass":1,"minecraft:oak_log":6,"minecraft:coal_ore":166,"minecraft:dirt":7,"byg:rocky_stone":24,"minecraft:stone_bricks":12,"minecraft:stone":653,"minecraft:mossy_stone_bricks":2,"minecraft:gold_ore":16},"minecraft:crafted":{"zombie_extreme:copper_pickaxe":1,"minecraft:wooden_sword":1,"minecraft:oak_planks":20,"minecraft:crafting_table":4,"minecraft:spruce_planks":24,"zombie_extreme:radium":4,"minecraft:wooden_pickaxe":1,"minecraft:iron_helmet":1,"minecraft:furnace":3,"minecraft:gold_block":1,"zombie_extreme:copper_ignot":6,"minecraft:cooked_mutton":2,"minecraft:air":0,"minecraft:iron_boots":1,"minecraft:stick":22,"minecraft:iron_ingot":27,"minecraft:iron_pickaxe":3,"minecraft:stone_pickaxe":2,"minecraft:wooden_axe":1,"zombie_extreme:blackbar":7,"minecraft:gold_ingot":13,"minecraft:torch":40,"mca:whistle":1},"minecraft:used":{"minecraft:cooked_mutton":1,"minecraft:stone_pickaxe":86,"minecraft:oak_planks":5,"minecraft:wooden_pickaxe":59,"minecraft:torch":43,"minecraft:crafting_table":5,"minecraft:cobblestone_wall":1,"minecraft:oak_log":1,"minecraft:wooden_axe":8,"minecraft:iron_pickaxe":759,"byg:soapstone":3,"minecraft:stone_bricks":5,"zombie_extreme:copper_pickaxe":188,"minecraft:wooden_sword":9,"minecraft:cobblestone":71,"minecraft:furnace":3,"byg:dacite_cobblestone":1,"minecraft:coarse_dirt":1}},"DataVersion":2586}