{"stats":{"minecraft:dropped":{"minecraft:spruce_log":1},"minecraft:picked_up":{"minecraft:coarse_dirt":1,"minecraft:oak_log":6,"minecraft:cobblestone_wall":2,"minecraft:spruce_log":7,"byg:dacite_cobblestone":1,"minecraft:stone_bricks":10,"minecraft:mossy_stone_bricks":2,"minecraft:birch_sapling":1,"minecraft:mutton":1,"minecraft:coal":19,"minecraft:white_wool":1,"minecraft:cobblestone":1},"minecraft:custom":{"minecraft:time_since_rest":25845,"minecraft:sprint_one_cm":42269,"minecraft:damage_taken":75,"minecraft:walk_one_cm":40506,"minecraft:mob_kills":1,"minecraft:drop":1,"minecraft:damage_dealt":80,"minecraft:interact_with_crafting_table":4,"minecraft:fly_one_cm":55425,"minecraft:crouch_one_cm":23,"minecraft:play_one_minute":25845,"minecraft:sneak_time":62,"minecraft:walk_under_water_one_cm":125,"minecraft:jump":317,"minecraft:leave_game":6,"minecraft:walk_on_water_one_cm":81,"minecraft:time_since_death":25845,"minecraft:fall_one_cm":6807},"minecraft:killed":{"minecraft:sheep":1},"minecraft:mined":{"minecraft:birch_sapling":1,"minecraft:coarse_dirt":1,"minecraft:cobblestone_wall":2,"minecraft:spruce_log":7,"minecraft:grass":1,"minecraft:coal_ore":19,"minecraft:oak_log":6,"byg:podzol_dacite":1,"minecraft:spruce_leaves":3,"minecraft:stone":1,"minecraft:stone_bricks":10,"minecraft:mossy_stone_bricks":2},"minecraft:crafted":{"minecraft:wooden_sword":1,"minecraft:oak_planks":20,"minecraft:crafting_table":1,"minecraft:spruce_planks":24,"minecraft:stick":6,"minecraft:wooden_pickaxe":1,"minecraft:wooden_axe":1},"minecraft:used":{"minecraft:oak_log":1,"minecraft:wooden_axe":7,"minecraft:oak_planks":5,"minecraft:wooden_pickaxe":35,"minecraft:wooden_sword":6,"minecraft:crafting_table":1,"byg:dacite_cobblestone":1,"minecraft:cobblestone_wall":1,"minecraft:coarse_dirt":1}},"DataVersion":2586}