{"stats":{"minecraft:dropped":{"minecraft:spruce_log":1},"minecraft:picked_up":{"byg:soapstone":5,"minecraft:stick":4,"minecraft:coarse_dirt":1,"minecraft:andesite":2,"minecraft:torch":1,"minecraft:oak_log":6,"minecraft:diorite":7,"minecraft:cobblestone_wall":2,"minecraft:spruce_log":7,"byg:dacite_cobblestone":1,"byg:scoria_cobblestone":15,"minecraft:stone_bricks":12,"minecraft:granite":7,"minecraft:iron_ore":6,"minecraft:mossy_stone_bricks":2,"minecraft:oak_planks":1,"minecraft:birch_sapling":1,"minecraft:mutton":2,"minecraft:coal":20,"zombie_extreme:copper_ore":6,"minecraft:white_wool":2,"minecraft:cobblestone":123,"minecraft:crafting_table":1},"minecraft:custom":{"minecraft:interact_with_furnace":7,"minecraft:time_since_rest":37845,"minecraft:sprint_one_cm":47925,"minecraft:damage_taken":75,"minecraft:walk_one_cm":57296,"minecraft:mob_kills":2,"minecraft:drop":1,"minecraft:damage_dealt":160,"minecraft:interact_with_crafting_table":13,"minecraft:fly_one_cm":55766,"minecraft:crouch_one_cm":79,"minecraft:play_one_minute":37845,"minecraft:sneak_time":83,"minecraft:walk_under_water_one_cm":125,"minecraft:jump":387,"minecraft:leave_game":6,"minecraft:walk_on_water_one_cm":81,"minecraft:time_since_death":37845,"minecraft:fall_one_cm":7076},"minecraft:broken":{"minecraft:wooden_pickaxe":1},"minecraft:killed":{"minecraft:sheep":2},"minecraft:mined":{"minecraft:birch_sapling":1,"byg:soapstone":5,"minecraft:coarse_dirt":1,"byg:scoria_stone":15,"minecraft:cobblestone_wall":2,"minecraft:iron_ore":6,"minecraft:andesite":4,"minecraft:spruce_log":7,"zombie_extreme:copper_ore":6,"minecraft:crafting_table":1,"minecraft:granite":7,"minecraft:grass":1,"minecraft:coal_ore":19,"minecraft:oak_log":6,"byg:podzol_dacite":1,"minecraft:spruce_leaves":3,"minecraft:stone":125,"minecraft:stone_bricks":12,"minecraft:mossy_stone_bricks":2,"minecraft:diorite":7},"minecraft:crafted":{"minecraft:wooden_sword":1,"minecraft:oak_planks":20,"minecraft:crafting_table":4,"minecraft:spruce_planks":24,"minecraft:stick":10,"minecraft:iron_ingot":5,"minecraft:wooden_pickaxe":1,"minecraft:iron_pickaxe":1,"minecraft:stone_pickaxe":2,"minecraft:wooden_axe":1,"minecraft:furnace":2,"minecraft:torch":6,"zombie_extreme:copper_pickaxe":1,"zombie_extreme:copper_ignot":6,"minecraft:air":0},"minecraft:used":{"minecraft:oak_log":1,"minecraft:wooden_axe":8,"minecraft:stone_pickaxe":55,"minecraft:oak_planks":5,"minecraft:wooden_pickaxe":59,"byg:soapstone":3,"minecraft:stone_bricks":5,"zombie_extreme:copper_pickaxe":97,"minecraft:torch":7,"minecraft:cobblestone":6,"minecraft:wooden_sword":9,"minecraft:crafting_table":5,"minecraft:furnace":2,"byg:dacite_cobblestone":1,"minecraft:cobblestone_wall":1,"minecraft:coarse_dirt":1}},"DataVersion":2586}