{"stats":{"minecraft:dropped":{"minecraft:spruce_log":1},"minecraft:picked_up":{"minecraft:crafting_table":1,"minecraft:coarse_dirt":1,"byg:soapstone":5,"zombie_extreme:blackmetal":7,"minecraft:andesite":2,"minecraft:oak_log":6,"minecraft:cobblestone_wall":2,"byg:dacite_cobblestone":1,"byg:scoria_cobblestone":17,"minecraft:stone_bricks":12,"minecraft:iron_ore":27,"minecraft:mossy_stone_bricks":2,"minecraft:birch_sapling":1,"minecraft:oak_planks":1,"zombie_extreme:copper_ore":6,"zombie_extreme:ruby":2,"minecraft:stick":4,"minecraft:torch":3,"minecraft:diorite":8,"minecraft:spruce_log":7,"minecraft:redstone":27,"minecraft:gold_ore":6,"minecraft:granite":7,"minecraft:mutton":2,"minecraft:coal":67,"minecraft:white_wool":2,"minecraft:cobblestone":233},"minecraft:custom":{"minecraft:interact_with_furnace":13,"minecraft:mob_kills":2,"minecraft:interact_with_crafting_table":18,"minecraft:play_one_minute":49845,"minecraft:leave_game":6,"minecraft:time_since_death":49845,"minecraft:time_since_rest":49845,"minecraft:sprint_one_cm":49995,"minecraft:damage_taken":75,"minecraft:walk_one_cm":75726,"minecraft:drop":1,"minecraft:damage_dealt":160,"minecraft:fly_one_cm":55899,"minecraft:crouch_one_cm":135,"minecraft:sneak_time":99,"minecraft:walk_under_water_one_cm":125,"minecraft:jump":486,"minecraft:walk_on_water_one_cm":81,"minecraft:fall_one_cm":7076},"minecraft:broken":{"minecraft:wooden_pickaxe":1},"minecraft:killed":{"minecraft:sheep":2},"minecraft:mined":{"zombie_extreme:copper_ore":6,"minecraft:crafting_table":1,"minecraft:granite":7,"zombie_extreme:blackmetal":7,"byg:podzol_dacite":1,"minecraft:spruce_leaves":3,"minecraft:diorite":8,"minecraft:wall_torch":2,"minecraft:birch_sapling":1,"zombie_extreme:rubyore":2,"minecraft:redstone_ore":6,"byg:soapstone":5,"minecraft:coarse_dirt":1,"byg:scoria_stone":17,"minecraft:cobblestone_wall":2,"minecraft:iron_ore":27,"minecraft:spruce_log":7,"minecraft:andesite":4,"minecraft:grass":1,"minecraft:oak_log":6,"minecraft:coal_ore":66,"minecraft:stone_bricks":12,"minecraft:stone":239,"minecraft:mossy_stone_bricks":2,"minecraft:gold_ore":6},"minecraft:crafted":{"zombie_extreme:copper_pickaxe":1,"minecraft:wooden_sword":1,"minecraft:oak_planks":20,"minecraft:crafting_table":4,"minecraft:spruce_planks":24,"minecraft:wooden_pickaxe":1,"minecraft:furnace":3,"zombie_extreme:copper_ignot":6,"minecraft:air":0,"minecraft:stick":22,"minecraft:iron_ingot":5,"minecraft:iron_pickaxe":1,"minecraft:stone_pickaxe":2,"minecraft:wooden_axe":1,"zombie_extreme:blackbar":3,"minecraft:torch":16},"minecraft:used":{"minecraft:stone_pickaxe":55,"minecraft:oak_planks":5,"minecraft:wooden_pickaxe":59,"minecraft:torch":15,"minecraft:crafting_table":5,"minecraft:cobblestone_wall":1,"minecraft:oak_log":1,"minecraft:wooden_axe":8,"minecraft:iron_pickaxe":153,"byg:soapstone":3,"minecraft:stone_bricks":5,"zombie_extreme:copper_pickaxe":152,"minecraft:wooden_sword":9,"minecraft:cobblestone":14,"minecraft:furnace":3,"byg:dacite_cobblestone":1,"minecraft:coarse_dirt":1}},"DataVersion":2586}