{"stats":{"minecraft:killed_by":{"minecraft:player":7,"zombie_extreme:night_hunter":1,"zombie_extreme:infectedperson":1,"zombie_extreme:bombsuitzombie":2,"zombie_extreme:soldier_zombie":1,"zombie_extreme:infected_spec_ops_soldier":1,"zombie_extreme:infected_dog":1,"zombie_extreme:militarysoldier":2,"zombie_extreme:policezombie":1,"minecraft:zombie":9},"minecraft:dropped":{"minecraft:bread":32,"minecraft:wheat_seeds":7,"minecraft:cooked_beef":1,"minecraft:oak_pressure_plate":3,"zombie_extreme:nailitem":1,"minecraft:cobblestone":114,"minecraft:iron_helmet":1,"minecraft:book":12,"minecraft:granite":16,"minecraft:coal":64,"minecraft:stick":2,"minecraft:dirt":10,"zombie_extreme:counteractingpill":1,"zombie_extreme:bettary":1,"minecraft:torch":6,"zombie_extreme:oreradium":17,"zombie_extreme:empty_can":2,"minecraft:iron_pickaxe":2,"minecraft:string":6,"byg:scoria_cobblestone":5,"minecraft:lily_pad":16,"minecraft:white_wool":9,"minecraft:gravel":2,"zombie_extreme:radium":1,"zombie_extreme:chips":1,"zombie_extreme:photo_camera":1,"minecraft:bowl":1,"minecraft:light_gray_terracotta":2,"minecraft:birch_sapling":2,"minecraft:rotten_flesh":49,"minecraft:oak_planks":1,"zombie_extreme:wrench":1,"minecraft:leather_chestplate":1,"byg:rocky_stone":21,"minecraft:spruce_planks":1,"minecraft:diamond_pickaxe":4,"minecraft:mossy_stone_bricks":2,"minecraft:andesite":7,"minecraft:stone_bricks":273,"minecraft:spruce_log":1,"minecraft:bow":1,"minecraft:stone_pickaxe":1,"zombie_extreme:copper_ignot":3},"minecraft:custom":{"minecraft:mob_kills":69,"minecraft:interact_with_crafting_table":111,"minecraft:damage_dealt_resisted":43,"minecraft:leave_game":15,"minecraft:time_since_death":40196,"minecraft:climb_one_cm":1999,"minecraft:damage_resisted":205,"minecraft:sprint_one_cm":1076156,"minecraft:walk_one_cm":1340559,"minecraft:damage_blocked_by_shield":1035,"minecraft:drop":85,"minecraft:damage_dealt_absorbed":111,"minecraft:sneak_time":18283,"minecraft:deaths":30,"minecraft:walk_under_water_one_cm":4724,"minecraft:boat_one_cm":86494,"minecraft:interact_with_brewingstand":1,"minecraft:jump":7425,"minecraft:walk_on_water_one_cm":11459,"minecraft:interact_with_furnace":189,"minecraft:play_one_minute":601481,"minecraft:interact_with_stonecutter":12,"minecraft:sleep_in_bed":15,"minecraft:time_since_rest":40228,"minecraft:damage_taken":6799,"minecraft:damage_dealt":14017,"minecraft:player_kills":10,"minecraft:swim_one_cm":3373,"minecraft:fly_one_cm":1133584,"minecraft:crouch_one_cm":32053,"minecraft:open_chest":132,"minecraft:fall_one_cm":142082},"minecraft:broken":{"zombie_extreme:hammer":1,"minecraft:wooden_pickaxe":2,"minecraft:wooden_sword":1,"zombie_extreme:copper_pickaxe":1,"minecraft:iron_pickaxe":10,"minecraft:wooden_axe":1},"minecraft:picked_up":{"minecraft:coarse_dirt":6,"minecraft:crafting_table":3,"byg:soapstone":37,"zombie_extreme:blackmetal":12,"minecraft:anvil":1,"minecraft:oak_stairs":2,"minecraft:string":9,"zombie_extreme:chips":1,"zombie_extreme:coprse":3,"byg:pine_log":9,"minecraft:cracked_stone_bricks":1,"minecraft:spruce_planks":3,"minecraft:cobblestone_slab":1,"minecraft:iron_pickaxe":3,"minecraft:sugar_cane":7,"minecraft:birch_sapling":2,"zombie_extreme:copper_ore":26,"minecraft:furnace":3,"minecraft:dark_oak_door":2,"zombie_extreme:ruby":33,"minecraft:stick":10,"minecraft:stone":111,"minecraft:torch":44,"sophisticatedbackpacks:backpack":1,"zombie_extreme:bettary":1,"minecraft:porkchop":2,"zombie_extreme:jamglass":1,"zombie_extreme:nailitem":2,"minecraft:diorite":90,"minecraft:carrot":1,"minecraft:redstone":308,"zombie_extreme:soda":1,"zombie_extreme:photo_camera":2,"minecraft:cactus":1,"minecraft:rotten_flesh":103,"minecraft:hay_block":20,"minecraft:cyan_terracotta":3,"zombie_extreme:cooker":1,"zombie_extreme:deadbody":1,"zombie_extreme:butcher_knife":2,"minecraft:mutton":10,"minecraft:iron_bars":1,"byg:rocky_stone":63,"minecraft:white_wool":23,"minecraft:cobblestone":2858,"zombie_extreme:radium":1,"minecraft:enchanting_table":1,"minecraft:leather_chestplate":1,"minecraft:cooked_beef":11,"minecraft:iron_door":1,"zombie_extreme:counteractingpill":1,"minecraft:andesite":41,"zombie_extreme:wire":3,"minecraft:oak_log":22,"minecraft:lily_pad":21,"minecraft:cobblestone_wall":2,"zombie_extreme:rottenapple":1,"byg:dacite_cobblestone":22,"zombie_extreme:crowbar":1,"minecraft:lapis_lazuli":97,"minecraft:dirt":130,"byg:scoria_cobblestone":39,"minecraft:bone":2,"minecraft:acacia_planks":1,"minecraft:apple":1,"minecraft:stone_bricks":70,"minecraft:bow":1,"minecraft:wheat_seeds":40,"mca:whistle":1,"minecraft:bell":1,"minecraft:iron_ingot":8,"minecraft:stone_pickaxe":1,"minecraft:iron_ore":138,"minecraft:mossy_stone_bricks":2,"minecraft:oak_planks":14,"minecraft:book":12,"minecraft:pumpkin":7,"minecraft:sweet_berries":54,"zombie_extreme:oreradium":37,"minecraft:dandelion":3,"minecraft:oak_pressure_plate":4,"minecraft:gravel":5,"minecraft:ink_sac":3,"minecraft:spruce_sapling":1,"zombie_extreme:antiradon_enhanced_action":1,"minecraft:white_bed":13,"minecraft:spruce_log":26,"byg:cika_log":6,"minecraft:gold_ore":34,"zombie_extreme:vodka":1,"zombie_extreme:radio":1,"minecraft:light_gray_terracotta":2,"minecraft:diamond":14,"byg:purple_sage":1,"minecraft:granite":44,"zombie_extreme:empty_can":1,"minecraft:bread":32,"minecraft:oak_sapling":3,"minecraft:brown_banner":1,"byg:pine_planks":20,"minecraft:bricks":7,"minecraft:coal":651,"minecraft:diamond_pickaxe":4},"minecraft:mined":{"minecraft:diamond_ore":14,"minecraft:spruce_planks":2,"minecraft:white_bed":12,"minecraft:oak_sapling":1,"byg:purple_sage":1,"zombie_extreme:copper_ore":19,"minecraft:granite":37,"minecraft:grass_block":42,"zombie_extreme:blackmetal":14,"minecraft:spruce_leaves":31,"minecraft:large_fern":3,"minecraft:hay_block":20,"minecraft:redstone_ore":83,"minecraft:furnace":3,"zombie_extreme:oreradium":42,"minecraft:iron_ore":140,"minecraft:andesite":46,"minecraft:pumpkin":8,"minecraft:anvil":1,"zombie_extreme:wire":6,"minecraft:enchanting_table":1,"minecraft:bell":1,"minecraft:cobblestone_slab":1,"minecraft:iron_bars":1,"byg:rocky_stone":74,"minecraft:stone":2887,"zombie_extreme:coprse":3,"byg:dacite":30,"minecraft:podzol":15,"minecraft:glass_pane":1,"minecraft:cyan_terracotta":3,"minecraft:dandelion":5,"minecraft:crafting_table":3,"minecraft:torch":4,"minecraft:light_gray_terracotta":2,"minecraft:poppy":1,"byg:podzol_dacite":10,"byg:cika_log":6,"byg:pine_leaves":1,"minecraft:tall_grass":4,"minecraft:cobblestone":159,"byg:overgrown_dacite":2,"minecraft:lapis_ore":12,"minecraft:oak_planks":3,"minecraft:sugar_cane":3,"zombie_extreme:deadbody":1,"minecraft:diorite":98,"minecraft:iron_door":2,"minecraft:wall_torch":32,"minecraft:birch_sapling":1,"zombie_extreme:radio":1,"zombie_extreme:rubyore":35,"byg:soapstone":40,"minecraft:coarse_dirt":8,"byg:scoria_stone":43,"minecraft:cobblestone_wall":2,"minecraft:spruce_log":28,"minecraft:sweet_berry_bush":32,"byg:short_grass":9,"byg:pine_log":11,"minecraft:grass":350,"minecraft:coal_ore":557,"minecraft:oak_log":22,"byg:blueberry_bush":4,"minecraft:gravel":5,"minecraft:dirt":84,"byg:aspen_leaves":2,"minecraft:cobweb":7,"minecraft:cracked_stone_bricks":1,"minecraft:acacia_planks":1,"minecraft:stone_bricks":67,"minecraft:polished_andesite":1,"minecraft:gold_ore":34,"minecraft:mossy_stone_bricks":2,"minecraft:oak_leaves":3,"minecraft:fern":4},"minecraft:crafted":{"minecraft:black_dye":1,"zombie_extreme:copper_pickaxe":1,"minecraft:wooden_sword":3,"minecraft:smooth_stone":1,"minecraft:oak_planks":66,"zombie_extreme:radium":4,"minecraft:furnace":8,"minecraft:stone":1231,"byg:pine_planks":38,"minecraft:cooked_mutton":6,"minecraft:iron_boots":1,"minecraft:iron_axe":1,"minecraft:stone_pickaxe":3,"zombie_extreme:blackbar":7,"minecraft:chest":4,"minecraft:stone_bricks":3,"mca:whistle":1,"minecraft:wheat":108,"sophisticatedbackpacks:backpack":1,"minecraft:crafting_table":12,"minecraft:spruce_planks":130,"minecraft:iron_helmet":1,"minecraft:wooden_pickaxe":3,"minecraft:iron_sword":1,"minecraft:gold_block":1,"minecraft:bucket":1,"byg:pine_boat":1,"zombie_extreme:copper_ignot":6,"minecraft:bread":32,"minecraft:air":0,"byg:cika_planks":24,"minecraft:diamond_pickaxe":2,"minecraft:shield":1,"minecraft:stick":106,"minecraft:iron_ingot":81,"minecraft:iron_pickaxe":11,"minecraft:wooden_axe":3,"minecraft:stone_sword":4,"minecraft:gold_ingot":13,"firstaid:bandage":1,"minecraft:stonecutter":1,"minecraft:white_bed":1,"minecraft:torch":256},"minecraft:used":{"zombie_extreme:butcher_knife":1,"minecraft:iron_bars":1,"minecraft:stone_sword":4,"minecraft:chest":4,"minecraft:spruce_planks":8,"minecraft:shield":49,"minecraft:stone":1,"minecraft:iron_sword":156,"zombie_extreme:vodka":1,"minecraft:torch":297,"minecraft:dirt":88,"minecraft:cobblestone_wall":1,"minecraft:granite":4,"minecraft:wooden_axe":46,"minecraft:bricks":7,"byg:pine_boat":1,"minecraft:iron_axe":51,"zombie_extreme:coprse":3,"zombie_extreme:anti_selective_vaccine":1,"minecraft:stone_bricks":653,"zombie_extreme:drug":1,"minecraft:hay_block":8,"byg:dacite_cobblestone":1,"minecraft:sweet_berries":54,"minecraft:furnace":11,"minecraft:cooked_beef":10,"zombie_extreme:antiradon_enhanced_action":1,"minecraft:cooked_mutton":6,"minecraft:water_bucket":18,"minecraft:diorite":71,"minecraft:stone_pickaxe":304,"minecraft:oak_planks":22,"minecraft:wooden_pickaxe":116,"minecraft:stonecutter":1,"byg:rocky_stone":6,"minecraft:white_wool":1,"minecraft:white_bed":14,"minecraft:brown_banner":1,"zombie_extreme:crowbar":31,"zombie_extreme:deadbody":1,"minecraft:crafting_table":13,"minecraft:spruce_log":1,"zombie_extreme:radio":1,"minecraft:oak_log":1,"minecraft:diamond_pickaxe":1313,"minecraft:iron_pickaxe":2735,"minecraft:gravel":1,"minecraft:iron_door":1,"minecraft:bread":19,"byg:soapstone":8,"zombie_extreme:cooker":1,"zombie_extreme:copper_pickaxe":188,"zombie_extreme:hammer":203,"minecraft:wooden_sword":178,"minecraft:cobblestone":398,"minecraft:porkchop":2,"minecraft:andesite":6,"byg:scoria_cobblestone":2,"minecraft:bucket":19,"minecraft:coarse_dirt":3,"minecraft:smooth_stone":1,"minecraft:cobweb":1},"minecraft:killed":{"zombie_extreme:bombsuitzombie":1,"minecraft:drowned":1,"minecraft:husk":1,"minecraft:pig":1,"zombie_extreme:infected_hazmat":3,"minecraft:sheep":9,"minecraft:zombie":46,"zombie_extreme:crawler_zombie":2}},"DataVersion":2586}