{"stats":{"minecraft:dropped":{"minecraft:cobblestone":1,"minecraft:andesite":3,"minecraft:spruce_log":1},"minecraft:picked_up":{"minecraft:crafting_table":1,"minecraft:coarse_dirt":1,"byg:soapstone":11,"zombie_extreme:blackmetal":7,"minecraft:andesite":3,"minecraft:oak_log":6,"minecraft:cobblestone_wall":2,"byg:dacite_cobblestone":1,"byg:scoria_cobblestone":23,"minecraft:stone_bricks":12,"minecraft:iron_ore":36,"minecraft:mossy_stone_bricks":2,"minecraft:birch_sapling":1,"minecraft:oak_planks":1,"zombie_extreme:copper_ore":6,"zombie_extreme:ruby":7,"minecraft:stick":4,"minecraft:torch":10,"minecraft:diorite":12,"minecraft:spruce_log":7,"minecraft:redstone":63,"minecraft:gold_ore":16,"minecraft:granite":8,"minecraft:mutton":2,"minecraft:coal":122,"byg:rocky_stone":4,"minecraft:white_wool":2,"minecraft:cobblestone":365},"minecraft:custom":{"minecraft:interact_with_furnace":42,"minecraft:mob_kills":2,"minecraft:interact_with_crafting_table":24,"minecraft:play_one_minute":67845,"minecraft:leave_game":6,"minecraft:time_since_death":67845,"minecraft:time_since_rest":67845,"minecraft:sprint_one_cm":65136,"minecraft:damage_taken":75,"minecraft:walk_one_cm":117406,"minecraft:drop":3,"minecraft:damage_dealt":160,"minecraft:fly_one_cm":56781,"minecraft:crouch_one_cm":755,"minecraft:sneak_time":380,"minecraft:walk_under_water_one_cm":125,"minecraft:jump":593,"minecraft:walk_on_water_one_cm":81,"minecraft:fall_one_cm":7076},"minecraft:killed":{"minecraft:sheep":2},"minecraft:broken":{"zombie_extreme:copper_pickaxe":1,"minecraft:iron_pickaxe":1,"minecraft:wooden_pickaxe":1},"minecraft:mined":{"zombie_extreme:copper_ore":6,"minecraft:crafting_table":1,"minecraft:granite":15,"zombie_extreme:blackmetal":9,"byg:podzol_dacite":1,"minecraft:spruce_leaves":3,"minecraft:diorite":12,"minecraft:wall_torch":9,"minecraft:birch_sapling":1,"zombie_extreme:rubyore":7,"minecraft:redstone_ore":20,"byg:soapstone":11,"minecraft:coarse_dirt":1,"byg:scoria_stone":23,"minecraft:cobblestone_wall":2,"minecraft:iron_ore":36,"minecraft:spruce_log":7,"minecraft:andesite":5,"minecraft:grass":1,"minecraft:oak_log":6,"minecraft:coal_ore":122,"minecraft:dirt":6,"byg:rocky_stone":4,"minecraft:stone_bricks":12,"minecraft:stone":464,"minecraft:mossy_stone_bricks":2,"minecraft:gold_ore":16},"minecraft:crafted":{"zombie_extreme:copper_pickaxe":1,"minecraft:wooden_sword":1,"minecraft:oak_planks":20,"minecraft:crafting_table":4,"minecraft:spruce_planks":24,"minecraft:wooden_pickaxe":1,"minecraft:iron_helmet":1,"minecraft:furnace":3,"zombie_extreme:copper_ignot":6,"minecraft:cooked_mutton":2,"minecraft:air":0,"minecraft:iron_boots":1,"minecraft:stick":22,"minecraft:iron_ingot":27,"minecraft:iron_pickaxe":3,"minecraft:stone_pickaxe":2,"minecraft:wooden_axe":1,"zombie_extreme:blackbar":7,"minecraft:gold_ingot":4,"minecraft:torch":40},"minecraft:used":{"minecraft:cooked_mutton":1,"minecraft:stone_pickaxe":55,"minecraft:oak_planks":5,"minecraft:wooden_pickaxe":59,"minecraft:torch":30,"minecraft:crafting_table":5,"minecraft:cobblestone_wall":1,"minecraft:oak_log":1,"minecraft:wooden_axe":8,"minecraft:iron_pickaxe":480,"byg:soapstone":3,"minecraft:stone_bricks":5,"zombie_extreme:copper_pickaxe":188,"minecraft:wooden_sword":9,"minecraft:cobblestone":14,"minecraft:furnace":3,"byg:dacite_cobblestone":1,"minecraft:coarse_dirt":1}},"DataVersion":2586}