{"stats":{"minecraft:killed_by":{"minecraft:player":6,"zombie_extreme:night_hunter":1,"zombie_extreme:infectedperson":1,"zombie_extreme:bombsuitzombie":2,"zombie_extreme:soldier_zombie":1,"zombie_extreme:infected_spec_ops_soldier":1,"zombie_extreme:infected_dog":1,"zombie_extreme:militarysoldier":2,"zombie_extreme:policezombie":1,"minecraft:zombie":7},"minecraft:dropped":{"minecraft:bread":32,"minecraft:wheat_seeds":7,"minecraft:cooked_beef":1,"minecraft:oak_pressure_plate":3,"zombie_extreme:nailitem":1,"minecraft:cobblestone":114,"minecraft:iron_helmet":1,"minecraft:book":12,"minecraft:granite":16,"minecraft:coal":64,"minecraft:stick":2,"minecraft:dirt":10,"zombie_extreme:counteractingpill":1,"zombie_extreme:bettary":1,"minecraft:torch":6,"zombie_extreme:oreradium":17,"zombie_extreme:empty_can":2,"minecraft:iron_pickaxe":2,"minecraft:string":6,"byg:scoria_cobblestone":5,"minecraft:lily_pad":16,"minecraft:white_wool":9,"minecraft:gravel":2,"zombie_extreme:radium":1,"zombie_extreme:chips":1,"zombie_extreme:photo_camera":1,"minecraft:bowl":1,"minecraft:light_gray_terracotta":2,"minecraft:birch_sapling":2,"minecraft:rotten_flesh":49,"minecraft:oak_planks":1,"zombie_extreme:wrench":1,"minecraft:leather_chestplate":1,"byg:rocky_stone":21,"minecraft:spruce_planks":1,"minecraft:diamond_pickaxe":2,"minecraft:mossy_stone_bricks":2,"minecraft:andesite":7,"minecraft:stone_bricks":273,"minecraft:spruce_log":1,"minecraft:bow":1,"minecraft:stone_pickaxe":1,"zombie_extreme:copper_ignot":3},"minecraft:custom":{"minecraft:mob_kills":66,"minecraft:interact_with_crafting_table":105,"minecraft:damage_dealt_resisted":43,"minecraft:leave_game":14,"minecraft:time_since_death":42872,"minecraft:climb_one_cm":1999,"minecraft:damage_resisted":205,"minecraft:sprint_one_cm":994735,"minecraft:walk_one_cm":1201034,"minecraft:damage_blocked_by_shield":860,"minecraft:drop":83,"minecraft:damage_dealt_absorbed":80,"minecraft:sneak_time":17501,"minecraft:deaths":27,"minecraft:walk_under_water_one_cm":4383,"minecraft:boat_one_cm":86494,"minecraft:interact_with_brewingstand":1,"minecraft:jump":7052,"minecraft:walk_on_water_one_cm":9863,"minecraft:interact_with_furnace":178,"minecraft:play_one_minute":537478,"minecraft:interact_with_stonecutter":12,"minecraft:sleep_in_bed":13,"minecraft:time_since_rest":21882,"minecraft:damage_taken":6200,"minecraft:damage_dealt":13384,"minecraft:player_kills":8,"minecraft:swim_one_cm":3247,"minecraft:fly_one_cm":1108524,"minecraft:open_chest":117,"minecraft:crouch_one_cm":31145,"minecraft:fall_one_cm":133550},"minecraft:broken":{"minecraft:wooden_pickaxe":2,"minecraft:wooden_sword":1,"zombie_extreme:copper_pickaxe":1,"minecraft:iron_pickaxe":10,"minecraft:wooden_axe":1},"minecraft:picked_up":{"minecraft:coarse_dirt":6,"minecraft:crafting_table":3,"byg:soapstone":33,"zombie_extreme:blackmetal":8,"minecraft:anvil":1,"minecraft:oak_stairs":2,"minecraft:string":9,"zombie_extreme:chips":1,"zombie_extreme:coprse":3,"byg:pine_log":9,"minecraft:cracked_stone_bricks":1,"minecraft:spruce_planks":1,"minecraft:cobblestone_slab":1,"minecraft:iron_pickaxe":3,"minecraft:sugar_cane":7,"minecraft:birch_sapling":2,"zombie_extreme:copper_ore":9,"minecraft:furnace":3,"minecraft:dark_oak_door":2,"zombie_extreme:ruby":21,"minecraft:stick":10,"minecraft:stone":87,"minecraft:torch":40,"sophisticatedbackpacks:backpack":1,"zombie_extreme:bettary":1,"minecraft:porkchop":2,"zombie_extreme:jamglass":1,"zombie_extreme:nailitem":2,"minecraft:diorite":63,"minecraft:carrot":1,"minecraft:redstone":152,"zombie_extreme:soda":1,"zombie_extreme:photo_camera":2,"minecraft:cactus":1,"minecraft:rotten_flesh":100,"minecraft:hay_block":20,"minecraft:cyan_terracotta":3,"zombie_extreme:cooker":1,"zombie_extreme:deadbody":1,"zombie_extreme:butcher_knife":2,"minecraft:mutton":10,"minecraft:iron_bars":1,"byg:rocky_stone":46,"minecraft:white_wool":23,"minecraft:cobblestone":2505,"zombie_extreme:radium":1,"minecraft:enchanting_table":1,"minecraft:leather_chestplate":1,"minecraft:cooked_beef":11,"minecraft:iron_door":1,"zombie_extreme:counteractingpill":1,"minecraft:andesite":12,"zombie_extreme:wire":3,"minecraft:oak_log":22,"minecraft:lily_pad":21,"minecraft:cobblestone_wall":2,"zombie_extreme:rottenapple":1,"byg:dacite_cobblestone":22,"zombie_extreme:crowbar":1,"minecraft:lapis_lazuli":82,"minecraft:dirt":115,"byg:scoria_cobblestone":30,"minecraft:bone":2,"minecraft:acacia_planks":1,"minecraft:apple":1,"minecraft:stone_bricks":69,"minecraft:bow":1,"minecraft:wheat_seeds":39,"mca:whistle":1,"minecraft:bell":1,"minecraft:iron_ingot":8,"minecraft:stone_pickaxe":1,"minecraft:iron_ore":114,"minecraft:mossy_stone_bricks":2,"minecraft:oak_planks":14,"minecraft:book":12,"minecraft:pumpkin":7,"minecraft:sweet_berries":35,"zombie_extreme:oreradium":25,"minecraft:dandelion":3,"minecraft:oak_pressure_plate":4,"minecraft:gravel":5,"minecraft:ink_sac":2,"minecraft:spruce_sapling":1,"zombie_extreme:antiradon_enhanced_action":1,"minecraft:white_bed":12,"minecraft:spruce_log":26,"byg:cika_log":6,"minecraft:gold_ore":26,"zombie_extreme:vodka":1,"zombie_extreme:radio":1,"minecraft:light_gray_terracotta":2,"minecraft:diamond":6,"byg:purple_sage":1,"minecraft:granite":42,"zombie_extreme:empty_can":1,"minecraft:bread":32,"minecraft:oak_sapling":3,"minecraft:brown_banner":1,"byg:pine_planks":20,"minecraft:bricks":7,"minecraft:coal":571,"minecraft:diamond_pickaxe":2},"minecraft:crafted":{"zombie_extreme:copper_pickaxe":1,"minecraft:wooden_sword":3,"minecraft:smooth_stone":1,"minecraft:oak_planks":66,"zombie_extreme:radium":4,"minecraft:furnace":8,"minecraft:stone":1199,"byg:pine_planks":38,"minecraft:cooked_mutton":6,"minecraft:iron_boots":1,"minecraft:iron_axe":1,"minecraft:stone_pickaxe":3,"zombie_extreme:blackbar":7,"minecraft:chest":4,"minecraft:stone_bricks":3,"mca:whistle":1,"minecraft:wheat":108,"minecraft:crafting_table":11,"minecraft:spruce_planks":130,"minecraft:iron_helmet":1,"minecraft:wooden_pickaxe":3,"minecraft:iron_sword":1,"minecraft:gold_block":1,"minecraft:bucket":1,"byg:pine_boat":1,"zombie_extreme:copper_ignot":6,"minecraft:bread":32,"minecraft:air":0,"byg:cika_planks":24,"minecraft:diamond_pickaxe":2,"minecraft:shield":1,"minecraft:stick":90,"minecraft:iron_ingot":81,"minecraft:iron_pickaxe":10,"firstaid:bandage":1,"minecraft:wooden_axe":3,"minecraft:stone_sword":4,"minecraft:gold_ingot":13,"minecraft:stonecutter":1,"minecraft:white_bed":1,"minecraft:torch":184},"minecraft:mined":{"minecraft:diamond_ore":6,"minecraft:white_bed":11,"minecraft:oak_sapling":1,"byg:purple_sage":1,"zombie_extreme:copper_ore":9,"minecraft:granite":34,"minecraft:grass_block":39,"zombie_extreme:blackmetal":10,"minecraft:spruce_leaves":31,"minecraft:large_fern":3,"minecraft:hay_block":20,"minecraft:redstone_ore":47,"minecraft:furnace":3,"zombie_extreme:oreradium":28,"minecraft:iron_ore":115,"minecraft:andesite":17,"minecraft:pumpkin":8,"minecraft:anvil":1,"zombie_extreme:wire":6,"minecraft:enchanting_table":1,"minecraft:bell":1,"minecraft:cobblestone_slab":1,"minecraft:iron_bars":1,"byg:rocky_stone":53,"minecraft:stone":2474,"zombie_extreme:coprse":3,"byg:dacite":30,"minecraft:podzol":14,"minecraft:glass_pane":1,"minecraft:cyan_terracotta":3,"minecraft:dandelion":5,"minecraft:crafting_table":3,"minecraft:torch":4,"minecraft:light_gray_terracotta":2,"minecraft:poppy":1,"byg:podzol_dacite":10,"byg:cika_log":6,"byg:pine_leaves":1,"minecraft:tall_grass":4,"minecraft:cobblestone":155,"byg:overgrown_dacite":2,"minecraft:lapis_ore":10,"minecraft:oak_planks":3,"minecraft:sugar_cane":3,"zombie_extreme:deadbody":1,"minecraft:diorite":69,"minecraft:iron_door":2,"minecraft:wall_torch":29,"minecraft:birch_sapling":1,"zombie_extreme:radio":1,"zombie_extreme:rubyore":23,"byg:soapstone":31,"minecraft:coarse_dirt":8,"byg:scoria_stone":30,"minecraft:cobblestone_wall":2,"minecraft:spruce_log":28,"minecraft:sweet_berry_bush":25,"byg:short_grass":9,"byg:pine_log":11,"minecraft:grass":342,"minecraft:coal_ore":466,"minecraft:oak_log":22,"byg:blueberry_bush":4,"minecraft:gravel":5,"minecraft:dirt":73,"byg:aspen_leaves":2,"minecraft:cobweb":7,"minecraft:cracked_stone_bricks":1,"minecraft:acacia_planks":1,"minecraft:stone_bricks":66,"minecraft:polished_andesite":1,"minecraft:gold_ore":26,"minecraft:mossy_stone_bricks":2,"minecraft:oak_leaves":3,"minecraft:fern":4},"minecraft:used":{"minecraft:iron_bars":1,"minecraft:stone_sword":4,"minecraft:chest":4,"minecraft:spruce_planks":1,"minecraft:shield":39,"minecraft:stone":1,"minecraft:iron_sword":139,"zombie_extreme:vodka":1,"minecraft:torch":226,"minecraft:dirt":84,"minecraft:cobblestone_wall":1,"minecraft:granite":4,"minecraft:wooden_axe":46,"minecraft:bricks":7,"byg:pine_boat":1,"minecraft:iron_axe":51,"zombie_extreme:anti_selective_vaccine":1,"minecraft:stone_bricks":651,"zombie_extreme:drug":1,"minecraft:hay_block":8,"byg:dacite_cobblestone":1,"minecraft:sweet_berries":35,"minecraft:furnace":11,"minecraft:cooked_beef":10,"zombie_extreme:antiradon_enhanced_action":1,"minecraft:cooked_mutton":6,"minecraft:water_bucket":17,"minecraft:diorite":20,"minecraft:stone_pickaxe":304,"minecraft:oak_planks":22,"minecraft:wooden_pickaxe":116,"minecraft:stonecutter":1,"byg:rocky_stone":6,"minecraft:white_wool":1,"zombie_extreme:crowbar":13,"minecraft:white_bed":13,"minecraft:brown_banner":1,"zombie_extreme:deadbody":1,"minecraft:crafting_table":12,"minecraft:spruce_log":1,"zombie_extreme:radio":1,"minecraft:oak_log":1,"minecraft:diamond_pickaxe":760,"minecraft:iron_pickaxe":2541,"minecraft:gravel":1,"byg:soapstone":8,"minecraft:bread":17,"minecraft:iron_door":1,"zombie_extreme:cooker":1,"zombie_extreme:copper_pickaxe":188,"zombie_extreme:hammer":200,"minecraft:wooden_sword":178,"minecraft:cobblestone":338,"minecraft:porkchop":2,"byg:scoria_cobblestone":2,"minecraft:bucket":18,"minecraft:coarse_dirt":3,"minecraft:smooth_stone":1,"minecraft:cobweb":1},"minecraft:killed":{"zombie_extreme:bombsuitzombie":1,"minecraft:drowned":1,"minecraft:husk":1,"minecraft:pig":1,"zombie_extreme:infected_hazmat":3,"minecraft:sheep":9,"minecraft:zombie":44,"zombie_extreme:crawler_zombie":2}},"DataVersion":2586}